process,systematic,variation,bin,edge_lo,edge_hi,value
Other_Higgs,,nominal,0,0.0,0.0009567917389306952,0.020528114070866497
Other_Higgs,,nominal,1,0.0009567917389306952,0.0011761846848516988,0.023118971764511203
Other_Higgs,,nominal,2,0.0011761846848516988,0.0014056492364034057,0.027850679137999934
Other_Higgs,,nominal,3,0.0014056492364034057,0.0016879615058736856,0.031672077749132804
Other_Higgs,,nominal,4,0.0016879615058736856,0.002029518495153339,0.03656540137050006
Other_Higgs,,nominal,5,0.002029518495153339,0.0024498090280613213,0.04866276809348227
Other_Higgs,,nominal,6,0.0024498090280613213,0.0029563838476912704,0.06004600790174902
Other_Higgs,,nominal,7,0.0029563838476912704,0.003557510286689314,0.06657013807971685
Other_Higgs,,nominal,8,0.003557510286689314,0.004267894997991053,0.07516403129655896
Other_Higgs,,nominal,9,0.004267894997991053,0.0050779368864586815,0.08101440928336423
Other_Higgs,,nominal,10,0.0050779368864586815,0.006105206239196243,0.08338022076923907
Other_Higgs,,nominal,11,0.006105206239196243,0.007522517248260182,0.09652112336234353
Other_Higgs,,nominal,12,0.007522517248260182,0.009719243336259968,0.11834290766610733
Other_Higgs,,nominal,13,0.009719243336259968,0.013643487834444395,0.20693657903513607
Other_Higgs,,nominal,14,0.013643487834444395,0.022087249077993153,0.6839463501128105
Other_Higgs,,nominal,15,0.022087249077993153,0.04393358703334,2.4678240902529174
Other_Higgs,,nominal,16,0.04393358703334,0.10073404070562539,5.469719950648552
Other_Higgs,,nominal,17,0.10073404070562539,0.23767632438315117,8.846357398589145
Other_Higgs,,nominal,18,0.23767632438315117,0.4957539730742803,13.867225966097632
Other_Higgs,,nominal,19,0.4957539730742803,1.0,22.966116484835943
Other,Higgs_CMS_ctag2d,Down,0,0.0,0.0009567917389306952,0.02092510149352504
Other,Higgs_CMS_ctag2d,Down,1,0.0009567917389306952,0.0011761846848516988,0.022702471546185824
Other,Higgs_CMS_ctag2d,Down,2,0.0011761846848516988,0.0014056492364034057,0.027902846348492882
Other,Higgs_CMS_ctag2d,Down,3,0.0014056492364034057,0.0016879615058736856,0.031487158954227226
Other,Higgs_CMS_ctag2d,Down,4,0.0016879615058736856,0.002029518495153339,0.03683669232070855
Other,Higgs_CMS_ctag2d,Down,5,0.002029518495153339,0.0024498090280613213,0.0487316931986094
Other,Higgs_CMS_ctag2d,Down,6,0.0024498090280613213,0.0029563838476912704,0.059289661089043905
Other,Higgs_CMS_ctag2d,Down,7,0.0029563838476912704,0.003557510286689314,0.06730917343684309
Other,Higgs_CMS_ctag2d,Down,8,0.003557510286689314,0.004267894997991053,0.07531361413433835
Other,Higgs_CMS_ctag2d,Down,9,0.004267894997991053,0.0050779368864586815,0.08166760342944479
Other,Higgs_CMS_ctag2d,Down,10,0.0050779368864586815,0.006105206239196243,0.08478700553136098
Other,Higgs_CMS_ctag2d,Down,11,0.006105206239196243,0.007522517248260182,0.09647435478413713
Other,Higgs_CMS_ctag2d,Down,12,0.007522517248260182,0.009719243336259968,0.11983618649300776
Other,Higgs_CMS_ctag2d,Down,13,0.009719243336259968,0.013643487834444395,0.21028901435199354
Other,Higgs_CMS_ctag2d,Down,14,0.013643487834444395,0.022087249077993153,0.7061875069562058
Other,Higgs_CMS_ctag2d,Down,15,0.022087249077993153,0.04393358703334,2.526296265377666
Other,Higgs_CMS_ctag2d,Down,16,0.04393358703334,0.10073404070562539,5.5856174403353
Other,Higgs_CMS_ctag2d,Down,17,0.10073404070562539,0.23767632438315117,9.006660704707778
Other,Higgs_CMS_ctag2d,Down,18,0.23767632438315117,0.4957539730742803,14.061495870523842
Other,Higgs_CMS_ctag2d,Down,19,0.4957539730742803,1.0,22.623022225142435
Other,Higgs_CMS_ctag2d,Up,0,0.0,0.0009567917389306952,0.019382295419503644
Other,Higgs_CMS_ctag2d,Up,1,0.0009567917389306952,0.0011761846848516988,0.027779664770443916
Other,Higgs_CMS_ctag2d,Up,2,0.0011761846848516988,0.0014056492364034057,0.028901168570277233
Other,Higgs_CMS_ctag2d,Up,3,0.0014056492364034057,0.0016879615058736856,0.036108034059598615
Other,Higgs_CMS_ctag2d,Up,4,0.0016879615058736856,0.002029518495153339,0.040375743958252566
Other,Higgs_CMS_ctag2d,Up,5,0.002029518495153339,0.0024498090280613213,0.05311203615609478
Other,Higgs_CMS_ctag2d,Up,6,0.0024498090280613213,0.0029563838476912704,0.06568130287844509
Other,Higgs_CMS_ctag2d,Up,7,0.0029563838476912704,0.003557510286689314,0.07337632143514194
Other,Higgs_CMS_ctag2d,Up,8,0.003557510286689314,0.004267894997991053,0.0867868642052993
Other,Higgs_CMS_ctag2d,Up,9,0.004267894997991053,0.0050779368864586815,0.089603498018961
Other,Higgs_CMS_ctag2d,Up,10,0.0050779368864586815,0.006105206239196243,0.08937449518351781
Other,Higgs_CMS_ctag2d,Up,11,0.006105206239196243,0.007522517248260182,0.10703932105066949
Other,Higgs_CMS_ctag2d,Up,12,0.007522517248260182,0.009719243336259968,0.1370200094611692
Other,Higgs_CMS_ctag2d,Up,13,0.009719243336259968,0.013643487834444395,0.2354427016494015
Other,Higgs_CMS_ctag2d,Up,14,0.013643487834444395,0.022087249077993153,0.758495802580766
Other,Higgs_CMS_ctag2d,Up,15,0.022087249077993153,0.04393358703334,2.7603989426335316
Other,Higgs_CMS_ctag2d,Up,16,0.04393358703334,0.10073404070562539,6.064991576872851
Other,Higgs_CMS_ctag2d,Up,17,0.10073404070562539,0.23767632438315117,9.402270318740594
Other,Higgs_CMS_ctag2d,Up,18,0.23767632438315117,0.4957539730742803,14.533534657433563
Other,Higgs_CMS_ctag2d,Up,19,0.4957539730742803,1.0,25.97346439725556
Other,Higgs_CMS_eff_e_reco_20to75,Down,0,0.0,0.0009567917389306952,0.02050422695204744
Other,Higgs_CMS_eff_e_reco_20to75,Down,1,0.0009567917389306952,0.0011761846848516988,0.023050961140455857
Other,Higgs_CMS_eff_e_reco_20to75,Down,2,0.0011761846848516988,0.0014056492364034057,0.027707602048406423
Other,Higgs_CMS_eff_e_reco_20to75,Down,3,0.0014056492364034057,0.0016879615058736856,0.03144199133475116
Other,Higgs_CMS_eff_e_reco_20to75,Down,4,0.0016879615058736856,0.002029518495153339,0.03624532543482124
Other,Higgs_CMS_eff_e_reco_20to75,Down,5,0.002029518495153339,0.0024498090280613213,0.04820214424392305
Other,Higgs_CMS_eff_e_reco_20to75,Down,6,0.0024498090280613213,0.0029563838476912704,0.05943437617078226
Other,Higgs_CMS_eff_e_reco_20to75,Down,7,0.0029563838476912704,0.003557510286689314,0.06587374836529802
Other,Higgs_CMS_eff_e_reco_20to75,Down,8,0.003557510286689314,0.004267894997991053,0.0742569358045686
Other,Higgs_CMS_eff_e_reco_20to75,Down,9,0.004267894997991053,0.0050779368864586815,0.0802054170677603
Other,Higgs_CMS_eff_e_reco_20to75,Down,10,0.0050779368864586815,0.006105206239196243,0.0823998975178094
Other,Higgs_CMS_eff_e_reco_20to75,Down,11,0.006105206239196243,0.007522517248260182,0.09542270774237305
Other,Higgs_CMS_eff_e_reco_20to75,Down,12,0.007522517248260182,0.009719243336259968,0.11703200733224883
Other,Higgs_CMS_eff_e_reco_20to75,Down,13,0.009719243336259968,0.013643487834444395,0.20485357189179787
Other,Higgs_CMS_eff_e_reco_20to75,Down,14,0.013643487834444395,0.022087249077993153,0.6765278105086073
Other,Higgs_CMS_eff_e_reco_20to75,Down,15,0.022087249077993153,0.04393358703334,2.4403178871947526
Other,Higgs_CMS_eff_e_reco_20to75,Down,16,0.04393358703334,0.10073404070562539,5.406403184038298
Other,Higgs_CMS_eff_e_reco_20to75,Down,17,0.10073404070562539,0.23767632438315117,8.746731065073602
Other,Higgs_CMS_eff_e_reco_20to75,Down,18,0.23767632438315117,0.4957539730742803,13.709694050844988
Other,Higgs_CMS_eff_e_reco_20to75,Down,19,0.4957539730742803,1.0,22.73683686607889
Other,Higgs_CMS_eff_e_reco_20to75,Up,0,0.0,0.0009567917389306952,0.020552287055543798
Other,Higgs_CMS_eff_e_reco_20to75,Up,1,0.0009567917389306952,0.0011761846848516988,0.02318851934418425
Other,Higgs_CMS_eff_e_reco_20to75,Up,2,0.0011761846848516988,0.0014056492364034057,0.0279967968106775
Other,Higgs_CMS_eff_e_reco_20to75,Up,3,0.0014056492364034057,0.0016879615058736856,0.031906875357783124
Other,Higgs_CMS_eff_e_reco_20to75,Up,4,0.0016879615058736856,0.002029518495153339,0.03689102974379574
Other,Higgs_CMS_eff_e_reco_20to75,Up,5,0.002029518495153339,0.0024498090280613213,0.04912987331114463
Other,Higgs_CMS_eff_e_reco_20to75,Up,6,0.0024498090280613213,0.0029563838476912704,0.06066715669484199
Other,Higgs_CMS_eff_e_reco_20to75,Up,7,0.0029563838476912704,0.003557510286689314,0.06727467376799062
Other,Higgs_CMS_eff_e_reco_20to75,Up,8,0.003557510286689314,0.004267894997991053,0.07608320447750572
Other,Higgs_CMS_eff_e_reco_20to75,Up,9,0.004267894997991053,0.0050779368864586815,0.08183280035559876
Other,Higgs_CMS_eff_e_reco_20to75,Up,10,0.0050779368864586815,0.006105206239196243,0.08437384752447857
Other,Higgs_CMS_eff_e_reco_20to75,Up,11,0.006105206239196243,0.007522517248260182,0.09763046510172291
Other,Higgs_CMS_eff_e_reco_20to75,Up,12,0.007522517248260182,0.009719243336259968,0.11966882829472636
Other,Higgs_CMS_eff_e_reco_20to75,Up,13,0.009719243336259968,0.013643487834444395,0.20904534450835022
Other,Higgs_CMS_eff_e_reco_20to75,Up,14,0.013643487834444395,0.022087249077993153,0.6914588149426698
Other,Higgs_CMS_eff_e_reco_20to75,Up,15,0.022087249077993153,0.04393358703334,2.4957294866445725
Other,Higgs_CMS_eff_e_reco_20to75,Up,16,0.04393358703334,0.10073404070562539,5.53397415619454
Other,Higgs_CMS_eff_e_reco_20to75,Up,17,0.10073404070562539,0.23767632438315117,8.947352730168001
Other,Higgs_CMS_eff_e_reco_20to75,Up,18,0.23767632438315117,0.4957539730742803,14.026690317917488
Other,Higgs_CMS_eff_e_reco_20to75,Up,19,0.4957539730742803,1.0,23.19748209824448
Other,Higgs_CMS_eff_e_reco_above75,Down,0,0.0,0.0009567917389306952,0.02052685065815397
Other,Higgs_CMS_eff_e_reco_above75,Down,1,0.0009567917389306952,0.0011761846848516988,0.023112204761522207
Other,Higgs_CMS_eff_e_reco_above75,Down,2,0.0011761846848516988,0.0014056492364034057,0.027838149379129026
Other,Higgs_CMS_eff_e_reco_above75,Down,3,0.0014056492364034057,0.0016879615058736856,0.031648579611216296
Other,Higgs_CMS_eff_e_reco_above75,Down,4,0.0016879615058736856,0.002029518495153339,0.03652263291478865
Other,Higgs_CMS_eff_e_reco_above75,Down,5,0.002029518495153339,0.0024498090280613213,0.048606148257218845
Other,Higgs_CMS_eff_e_reco_above75,Down,6,0.0024498090280613213,0.0029563838476912704,0.0599561665404188
Other,Higgs_CMS_eff_e_reco_above75,Down,7,0.0029563838476912704,0.003557510286689314,0.06645184492590725
Other,Higgs_CMS_eff_e_reco_above75,Down,8,0.003557510286689314,0.004267894997991053,0.07501822358801874
Other,Higgs_CMS_eff_e_reco_above75,Down,9,0.004267894997991053,0.0050779368864586815,0.08088379294269432
Other,Higgs_CMS_eff_e_reco_above75,Down,10,0.0050779368864586815,0.006105206239196243,0.08319696663722753
Other,Higgs_CMS_eff_e_reco_above75,Down,11,0.006105206239196243,0.007522517248260182,0.09630133122021012
Other,Higgs_CMS_eff_e_reco_above75,Down,12,0.007522517248260182,0.009719243336259968,0.11801829445770007
Other,Higgs_CMS_eff_e_reco_above75,Down,13,0.009719243336259968,0.013643487834444395,0.2058150864288062
Other,Higgs_CMS_eff_e_reco_above75,Down,14,0.013643487834444395,0.022087249077993153,0.6774385223729888
Other,Higgs_CMS_eff_e_reco_above75,Down,15,0.022087249077993153,0.04393358703334,2.44796729710158
Other,Higgs_CMS_eff_e_reco_above75,Down,16,0.04393358703334,0.10073404070562539,5.440129136411519
Other,Higgs_CMS_eff_e_reco_above75,Down,17,0.10073404070562539,0.23767632438315117,8.823232538457486
Other,Higgs_CMS_eff_e_reco_above75,Down,18,0.23767632438315117,0.4957539730742803,13.856580642079145
Other,Higgs_CMS_eff_e_reco_above75,Down,19,0.4957539730742803,1.0,22.963340818998084
Other,Higgs_CMS_eff_e_reco_above75,Up,0,0.0,0.0009567917389306952,0.020529377483579022
Other,Higgs_CMS_eff_e_reco_above75,Up,1,0.0009567917389306952,0.0011761846848516988,0.023125792280340004
Other,Higgs_CMS_eff_e_reco_above75,Up,2,0.0011761846848516988,0.0014056492364034057,0.027863219809676078
Other,Higgs_CMS_eff_e_reco_above75,Up,3,0.0014056492364034057,0.0016879615058736856,0.031695579654406406
Other,Higgs_CMS_eff_e_reco_above75,Up,4,0.0016879615058736856,0.002029518495153339,0.036608259828119064
Other,Higgs_CMS_eff_e_reco_above75,Up,5,0.002029518495153339,0.0024498090280613213,0.048719588767391936
Other,Higgs_CMS_eff_e_reco_above75,Up,6,0.0024498090280613213,0.0029563838476912704,0.060136033143330964
Other,Higgs_CMS_eff_e_reco_above75,Up,7,0.0029563838476912704,0.003557510286689314,0.06668877047170324
Other,Higgs_CMS_eff_e_reco_above75,Up,8,0.003557510286689314,0.004267894997991053,0.07531013711633494
Other,Higgs_CMS_eff_e_reco_above75,Up,9,0.004267894997991053,0.0050779368864586815,0.08114542935752894
Other,Higgs_CMS_eff_e_reco_above75,Up,10,0.0050779368864586815,0.006105206239196243,0.08356495786610085
Other,Higgs_CMS_eff_e_reco_above75,Up,11,0.006105206239196243,0.007522517248260182,0.09674257643708462
Other,Higgs_CMS_eff_e_reco_above75,Up,12,0.007522517248260182,0.009719243336259968,0.11867085971188462
Other,Higgs_CMS_eff_e_reco_above75,Up,13,0.009719243336259968,0.013643487834444395,0.2080767861999131
Other,Higgs_CMS_eff_e_reco_above75,Up,14,0.013643487834444395,0.022087249077993153,0.6905814326556664
Other,Higgs_CMS_eff_e_reco_above75,Up,15,0.022087249077993153,0.04393358703334,2.4879019720689177
Other,Higgs_CMS_eff_e_reco_above75,Up,16,0.04393358703334,0.10073404070562539,5.499482620356182
Other,Higgs_CMS_eff_e_reco_above75,Up,17,0.10073404070562539,0.23767632438315117,8.869540898356206
Other,Higgs_CMS_eff_e_reco_above75,Up,18,0.23767632438315117,0.4957539730742803,13.87787658903773
Other,Higgs_CMS_eff_e_reco_above75,Up,19,0.4957539730742803,1.0,22.968892451116453
Other,Higgs_CMS_eff_e_reco_below20,Down,0,0.0,0.0009567917389306952,0.02038420086716985
Other,Higgs_CMS_eff_e_reco_below20,Down,1,0.0009567917389306952,0.0011761846848516988,0.022876970737762885
Other,Higgs_CMS_eff_e_reco_below20,Down,2,0.0011761846848516988,0.0014056492364034057,0.027351330127683503
Other,Higgs_CMS_eff_e_reco_below20,Down,3,0.0014056492364034057,0.0016879615058736856,0.030951864700714454
Other,Higgs_CMS_eff_e_reco_below20,Down,4,0.0016879615058736856,0.002029518495153339,0.0353254993051591
Other,Higgs_CMS_eff_e_reco_below20,Down,5,0.002029518495153339,0.0024498090280613213,0.04730785905007412
Other,Higgs_CMS_eff_e_reco_below20,Down,6,0.0024498090280613213,0.0029563838476912704,0.057881736539204476
Other,Higgs_CMS_eff_e_reco_below20,Down,7,0.0029563838476912704,0.003557510286689314,0.06408555186306078
Other,Higgs_CMS_eff_e_reco_below20,Down,8,0.003557510286689314,0.004267894997991053,0.07186857100516769
Other,Higgs_CMS_eff_e_reco_below20,Down,9,0.004267894997991053,0.0050779368864586815,0.0774955012625968
Other,Higgs_CMS_eff_e_reco_below20,Down,10,0.0050779368864586815,0.006105206239196243,0.07990119522130718
Other,Higgs_CMS_eff_e_reco_below20,Down,11,0.006105206239196243,0.007522517248260182,0.09202936273459006
Other,Higgs_CMS_eff_e_reco_below20,Down,12,0.007522517248260182,0.009719243336259968,0.1129037142843552
Other,Higgs_CMS_eff_e_reco_below20,Down,13,0.009719243336259968,0.013643487834444395,0.19773945322714293
Other,Higgs_CMS_eff_e_reco_below20,Down,14,0.013643487834444395,0.022087249077993153,0.6607090409775334
Other,Higgs_CMS_eff_e_reco_below20,Down,15,0.022087249077993153,0.04393358703334,2.381383086733789
Other,Higgs_CMS_eff_e_reco_below20,Down,16,0.04393358703334,0.10073404070562539,5.272034899208862
Other,Higgs_CMS_eff_e_reco_below20,Down,17,0.10073404070562539,0.23767632438315117,8.49224010676095
Other,Higgs_CMS_eff_e_reco_below20,Down,18,0.23767632438315117,0.4957539730742803,13.290007108569885
Other,Higgs_CMS_eff_e_reco_below20,Down,19,0.4957539730742803,1.0,22.100327022942814
Other,Higgs_CMS_eff_e_reco_below20,Up,0,0.0,0.0009567917389306952,0.02067533993116912
Other,Higgs_CMS_eff_e_reco_below20,Up,1,0.0009567917389306952,0.0011761846848516988,0.023370328005177302
Other,Higgs_CMS_eff_e_reco_below20,Up,2,0.0011761846848516988,0.0014056492364034057,0.02836899907159921
Other,Higgs_CMS_eff_e_reco_below20,Up,3,0.0014056492364034057,0.0016879615058736856,0.03244067800275069
Other,Higgs_CMS_eff_e_reco_below20,Up,4,0.0016879615058736856,0.002029518495153339,0.037858878277168245
Other,Higgs_CMS_eff_e_reco_below20,Up,5,0.002029518495153339,0.0024498090280613213,0.05008137439773039
Other,Higgs_CMS_eff_e_reco_below20,Up,6,0.0024498090280613213,0.0029563838476912704,0.06233958976445225
Other,Higgs_CMS_eff_e_reco_below20,Up,7,0.0029563838476912704,0.003557510286689314,0.06922411166182163
Other,Higgs_CMS_eff_e_reco_below20,Up,8,0.003557510286689314,0.004267894997991053,0.07865202221255652
Other,Higgs_CMS_eff_e_reco_below20,Up,9,0.004267894997991053,0.0050779368864586815,0.08470479056456459
Other,Higgs_CMS_eff_e_reco_below20,Up,10,0.0050779368864586815,0.006105206239196243,0.0870408154002828
Other,Higgs_CMS_eff_e_reco_below20,Up,11,0.006105206239196243,0.007522517248260182,0.10131233669579887
Other,Higgs_CMS_eff_e_reco_below20,Up,12,0.007522517248260182,0.009719243336259968,0.12410245732402148
Other,Higgs_CMS_eff_e_reco_below20,Up,13,0.009719243336259968,0.013643487834444395,0.21687160832141572
Other,Higgs_CMS_eff_e_reco_below20,Up,14,0.013643487834444395,0.022087249077993153,0.7083651876801567
Other,Higgs_CMS_eff_e_reco_below20,Up,15,0.022087249077993153,0.04393358703334,2.558179859229967
Other,Higgs_CMS_eff_e_reco_below20,Up,16,0.04393358703334,0.10073404070562539,5.67624386093465
Other,Higgs_CMS_eff_e_reco_below20,Up,17,0.10073404070562539,0.23767632438315117,9.218859839063597
Other,Higgs_CMS_eff_e_reco_below20,Up,18,0.23767632438315117,0.4957539730742803,14.47885444490285
Other,Higgs_CMS_eff_e_reco_below20,Up,19,0.4957539730742803,1.0,23.884481326477186
Other,Higgs_CMS_pileup,Down,0,0.0,0.0009567917389306952,0.020810147371079602
Other,Higgs_CMS_pileup,Down,1,0.0009567917389306952,0.0011761846848516988,0.024425081591921836
Other,Higgs_CMS_pileup,Down,2,0.0011761846848516988,0.0014056492364034057,0.027917754424449208
Other,Higgs_CMS_pileup,Down,3,0.0014056492364034057,0.0016879615058736856,0.03194736151504114
Other,Higgs_CMS_pileup,Down,4,0.0016879615058736856,0.002029518495153339,0.03600829264995306
Other,Higgs_CMS_pileup,Down,5,0.002029518495153339,0.0024498090280613213,0.04925127820876454
Other,Higgs_CMS_pileup,Down,6,0.0024498090280613213,0.0029563838476912704,0.05912853732604181
Other,Higgs_CMS_pileup,Down,7,0.0029563838476912704,0.003557510286689314,0.06580744630809476
Other,Higgs_CMS_pileup,Down,8,0.003557510286689314,0.004267894997991053,0.07491493244044123
Other,Higgs_CMS_pileup,Down,9,0.004267894997991053,0.0050779368864586815,0.08181955979421424
Other,Higgs_CMS_pileup,Down,10,0.0050779368864586815,0.006105206239196243,0.08499708959339086
Other,Higgs_CMS_pileup,Down,11,0.006105206239196243,0.007522517248260182,0.09930776018053167
Other,Higgs_CMS_pileup,Down,12,0.007522517248260182,0.009719243336259968,0.12214642208268756
Other,Higgs_CMS_pileup,Down,13,0.009719243336259968,0.013643487834444395,0.20942099693197735
Other,Higgs_CMS_pileup,Down,14,0.013643487834444395,0.022087249077993153,0.690992299902842
Other,Higgs_CMS_pileup,Down,15,0.022087249077993153,0.04393358703334,2.4965196383397945
Other,Higgs_CMS_pileup,Down,16,0.04393358703334,0.10073404070562539,5.515364902083784
Other,Higgs_CMS_pileup,Down,17,0.10073404070562539,0.23767632438315117,8.948928900464587
Other,Higgs_CMS_pileup,Down,18,0.23767632438315117,0.4957539730742803,14.029128876516197
Other,Higgs_CMS_pileup,Down,19,0.4957539730742803,1.0,23.179075351812834
Other,Higgs_CMS_pileup,Up,0,0.0,0.0009567917389306952,0.0202454348606928
Other,Higgs_CMS_pileup,Up,1,0.0009567917389306952,0.0011761846848516988,0.022066041770784132
Other,Higgs_CMS_pileup,Up,2,0.0011761846848516988,0.0014056492364034057,0.02790155000752332
Other,Higgs_CMS_pileup,Up,3,0.0014056492364034057,0.0016879615058736856,0.031569625117382
Other,Higgs_CMS_pileup,Up,4,0.0016879615058736856,0.002029518495153339,0.03796221123169401
Other,Higgs_CMS_pileup,Up,5,0.002029518495153339,0.0024498090280613213,0.04797983585217239
Other,Higgs_CMS_pileup,Up,6,0.0024498090280613213,0.0029563838476912704,0.060199387186108844
Other,Higgs_CMS_pileup,Up,7,0.0029563838476912704,0.003557510286689314,0.06727240837035389
Other,Higgs_CMS_pileup,Up,8,0.003557510286689314,0.004267894997991053,0.07470588706997427
Other,Higgs_CMS_pileup,Up,9,0.004267894997991053,0.0050779368864586815,0.0813527987466669
Other,Higgs_CMS_pileup,Up,10,0.0050779368864586815,0.006105206239196243,0.08155469201592358
Other,Higgs_CMS_pileup,Up,11,0.006105206239196243,0.007522517248260182,0.09327834211625352
Other,Higgs_CMS_pileup,Up,12,0.007522517248260182,0.009719243336259968,0.11409999750086264
Other,Higgs_CMS_pileup,Up,13,0.009719243336259968,0.013643487834444395,0.2038713984892665
Other,Higgs_CMS_pileup,Up,14,0.013643487834444395,0.022087249077993153,0.6751801904549094
Other,Higgs_CMS_pileup,Up,15,0.022087249077993153,0.04393358703334,2.4378216073625847
Other,Higgs_CMS_pileup,Up,16,0.04393358703334,0.10073404070562539,5.417466830784223
Other,Higgs_CMS_pileup,Up,17,0.10073404070562539,0.23767632438315117,8.741092953529824
Other,Higgs_CMS_pileup,Up,18,0.23767632438315117,0.4957539730742803,13.693679671048432
Other,Higgs_CMS_pileup,Up,19,0.4957539730742803,1.0,22.764231485102417
Other,Higgs_lhe_alphaS,Down,0,0.0,0.0009567917389306952,0.020050984241820304
Other,Higgs_lhe_alphaS,Down,1,0.0009567917389306952,0.0011761846848516988,0.02256221671247004
Other,Higgs_lhe_alphaS,Down,2,0.0011761846848516988,0.0014056492364034057,0.02714354086142702
Other,Higgs_lhe_alphaS,Down,3,0.0014056492364034057,0.0016879615058736856,0.030935176477299556
Other,Higgs_lhe_alphaS,Down,4,0.0016879615058736856,0.002029518495153339,0.035727645203728384
Other,Higgs_lhe_alphaS,Down,5,0.002029518495153339,0.0024498090280613213,0.04751418886041767
Other,Higgs_lhe_alphaS,Down,6,0.0024498090280613213,0.0029563838476912704,0.05866439985987976
Other,Higgs_lhe_alphaS,Down,7,0.0029563838476912704,0.003557510286689314,0.06502806023729418
Other,Higgs_lhe_alphaS,Down,8,0.003557510286689314,0.004267894997991053,0.07335168127319164
Other,Higgs_lhe_alphaS,Down,9,0.004267894997991053,0.0050779368864586815,0.07913075193748437
Other,Higgs_lhe_alphaS,Down,10,0.0050779368864586815,0.006105206239196243,0.08132920866673204
Other,Higgs_lhe_alphaS,Down,11,0.006105206239196243,0.007522517248260182,0.09411077683122615
Other,Higgs_lhe_alphaS,Down,12,0.007522517248260182,0.009719243336259968,0.11539241561199798
Other,Higgs_lhe_alphaS,Down,13,0.009719243336259968,0.013643487834444395,0.20148414535076564
Other,Higgs_lhe_alphaS,Down,14,0.013643487834444395,0.022087249077993153,0.6655245727204915
Other,Higgs_lhe_alphaS,Down,15,0.022087249077993153,0.04393358703334,2.3996881016626275
Other,Higgs_lhe_alphaS,Down,16,0.04393358703334,0.10073404070562539,5.318721628393949
Other,Higgs_lhe_alphaS,Down,17,0.10073404070562539,0.23767632438315117,8.604621852414345
Other,Higgs_lhe_alphaS,Down,18,0.23767632438315117,0.4957539730742803,13.493342652082006
Other,Higgs_lhe_alphaS,Down,19,0.4957539730742803,1.0,22.352790017124555
Other,Higgs_lhe_alphaS,Up,0,0.0,0.0009567917389306952,0.0210052438999127
Other,Higgs_lhe_alphaS,Up,1,0.0009567917389306952,0.0011761846848516988,0.023675726816552355
Other,Higgs_lhe_alphaS,Up,2,0.0011761846848516988,0.0014056492364034057,0.028557817414572848
Other,Higgs_lhe_alphaS,Up,3,0.0014056492364034057,0.0016879615058736856,0.03240897902096601
Other,Higgs_lhe_alphaS,Up,4,0.0016879615058736856,0.002029518495153339,0.03740315753772011
Other,Higgs_lhe_alphaS,Up,5,0.002029518495153339,0.0024498090280613213,0.04981134732654688
Other,Higgs_lhe_alphaS,Up,6,0.0024498090280613213,0.0029563838476912704,0.061427615944231156
Other,Higgs_lhe_alphaS,Up,7,0.0029563838476912704,0.003557510286689314,0.06811221592213923
Other,Higgs_lhe_alphaS,Up,8,0.003557510286689314,0.004267894997991053,0.07697638131992685
Other,Higgs_lhe_alphaS,Up,9,0.004267894997991053,0.0050779368864586815,0.08289806662924326
Other,Higgs_lhe_alphaS,Up,10,0.0050779368864586815,0.006105206239196243,0.08543123287174637
Other,Higgs_lhe_alphaS,Up,11,0.006105206239196243,0.007522517248260182,0.09893146989346135
Other,Higgs_lhe_alphaS,Up,12,0.007522517248260182,0.009719243336259968,0.12129339972021702
Other,Higgs_lhe_alphaS,Up,13,0.009719243336259968,0.013643487834444395,0.21238901272103317
Other,Higgs_lhe_alphaS,Up,14,0.013643487834444395,0.022087249077993153,0.70236812750663
Other,Higgs_lhe_alphaS,Up,15,0.022087249077993153,0.04393358703334,2.5359600788406533
Other,Higgs_lhe_alphaS,Up,16,0.04393358703334,0.10073404070562539,5.6207182729197935
Other,Higgs_lhe_alphaS,Up,17,0.10073404070562539,0.23767632438315117,9.08809294475991
Other,Higgs_lhe_alphaS,Up,18,0.23767632438315117,0.4957539730742803,14.241109280118799
Other,Higgs_lhe_alphaS,Up,19,0.4957539730742803,1.0,23.579442952547886
Other,Higgs_ps_fsr,Down,0,0.0,0.0009567917389306952,0.020279591056568434
Other,Higgs_ps_fsr,Down,1,0.0009567917389306952,0.0011761846848516988,0.022398231244917095
Other,Higgs_ps_fsr,Down,2,0.0011761846848516988,0.0014056492364034057,0.02684402203667973
Other,Higgs_ps_fsr,Down,3,0.0014056492364034057,0.0016879615058736856,0.03226699773982793
Other,Higgs_ps_fsr,Down,4,0.0016879615058736856,0.002029518495153339,0.03966708166637764
Other,Higgs_ps_fsr,Down,5,0.002029518495153339,0.0024498090280613213,0.047554040509264345
Other,Higgs_ps_fsr,Down,6,0.0024498090280613213,0.0029563838476912704,0.06699495801881081
Other,Higgs_ps_fsr,Down,7,0.0029563838476912704,0.003557510286689314,0.06661771801587779
Other,Higgs_ps_fsr,Down,8,0.003557510286689314,0.004267894997991053,0.07428261283079562
Other,Higgs_ps_fsr,Down,9,0.004267894997991053,0.0050779368864586815,0.07686487105343043
Other,Higgs_ps_fsr,Down,10,0.0050779368864586815,0.006105206239196243,0.08836512949161812
Other,Higgs_ps_fsr,Down,11,0.006105206239196243,0.007522517248260182,0.09464750885029227
Other,Higgs_ps_fsr,Down,12,0.007522517248260182,0.009719243336259968,0.12107861946046095
Other,Higgs_ps_fsr,Down,13,0.009719243336259968,0.013643487834444395,0.19811691936472975
Other,Higgs_ps_fsr,Down,14,0.013643487834444395,0.022087249077993153,0.6872024246250111
Other,Higgs_ps_fsr,Down,15,0.022087249077993153,0.04393358703334,2.474762903417316
Other,Higgs_ps_fsr,Down,16,0.04393358703334,0.10073404070562539,5.477310203351332
Other,Higgs_ps_fsr,Down,17,0.10073404070562539,0.23767632438315117,8.71548508050361
Other,Higgs_ps_fsr,Down,18,0.23767632438315117,0.4957539730742803,13.65874351316339
Other,Higgs_ps_fsr,Down,19,0.4957539730742803,1.0,22.8005113521077
Other,Higgs_ps_fsr,Up,0,0.0,0.0009567917389306952,0.020545431095530996
Other,Higgs_ps_fsr,Up,1,0.0009567917389306952,0.0011761846848516988,0.0233202550327117
Other,Higgs_ps_fsr,Up,2,0.0011761846848516988,0.0014056492364034057,0.02832379875024492
Other,Higgs_ps_fsr,Up,3,0.0014056492364034057,0.0016879615058736856,0.031508153237030004
Other,Higgs_ps_fsr,Up,4,0.0016879615058736856,0.002029518495153339,0.035703018604182526
Other,Higgs_ps_fsr,Up,5,0.002029518495153339,0.0024498090280613213,0.04927630914354908
Other,Higgs_ps_fsr,Up,6,0.0024498090280613213,0.0029563838476912704,0.05827468296523958
Other,Higgs_ps_fsr,Up,7,0.0029563838476912704,0.003557510286689314,0.06606286229776365
Other,Higgs_ps_fsr,Up,8,0.003557510286689314,0.004267894997991053,0.07517755603405385
Other,Higgs_ps_fsr,Up,9,0.004267894997991053,0.0050779368864586815,0.0827071191667435
Other,Higgs_ps_fsr,Up,10,0.0050779368864586815,0.006105206239196243,0.08046170067416286
Other,Higgs_ps_fsr,Up,11,0.006105206239196243,0.007522517248260182,0.09802935690969272
Other,Higgs_ps_fsr,Up,12,0.007522517248260182,0.009719243336259968,0.11588320081802683
Other,Higgs_ps_fsr,Up,13,0.009719243336259968,0.013643487834444395,0.21131981335379602
Other,Higgs_ps_fsr,Up,14,0.013643487834444395,0.022087249077993153,0.6840055565715358
Other,Higgs_ps_fsr,Up,15,0.022087249077993153,0.04393358703334,2.4682720358042847
Other,Higgs_ps_fsr,Up,16,0.04393358703334,0.10073404070562539,5.491040439710925
Other,Higgs_ps_fsr,Up,17,0.10073404070562539,0.23767632438315117,8.915657273971417
Other,Higgs_ps_fsr,Up,18,0.23767632438315117,0.4957539730742803,13.939917690694113
Other,Higgs_ps_fsr,Up,19,0.4957539730742803,1.0,23.07590353965948
Other,Higgs_ps_isr,Down,0,0.0,0.0009567917389306952,0.021017882296899333
Other,Higgs_ps_isr,Down,1,0.0009567917389306952,0.0011761846848516988,0.02314646815540606
Other,Higgs_ps_isr,Down,2,0.0011761846848516988,0.0014056492364034057,0.02748169844838634
Other,Higgs_ps_isr,Down,3,0.0014056492364034057,0.0016879615058736856,0.03152588914071813
Other,Higgs_ps_isr,Down,4,0.0016879615058736856,0.002029518495153339,0.03668526320845275
Other,Higgs_ps_isr,Down,5,0.002029518495153339,0.0024498090280613213,0.04860468786618838
Other,Higgs_ps_isr,Down,6,0.0024498090280613213,0.0029563838476912704,0.060608316679354235
Other,Higgs_ps_isr,Down,7,0.0029563838476912704,0.003557510286689314,0.06740454171257432
Other,Higgs_ps_isr,Down,8,0.003557510286689314,0.004267894997991053,0.07526144970047766
Other,Higgs_ps_isr,Down,9,0.004267894997991053,0.0050779368864586815,0.08280481237876802
Other,Higgs_ps_isr,Down,10,0.0050779368864586815,0.006105206239196243,0.08348410700054532
Other,Higgs_ps_isr,Down,11,0.006105206239196243,0.007522517248260182,0.09607815979536194
Other,Higgs_ps_isr,Down,12,0.007522517248260182,0.009719243336259968,0.11876742507554827
Other,Higgs_ps_isr,Down,13,0.009719243336259968,0.013643487834444395,0.20927982930796107
Other,Higgs_ps_isr,Down,14,0.013643487834444395,0.022087249077993153,0.6951079875967519
Other,Higgs_ps_isr,Down,15,0.022087249077993153,0.04393358703334,2.5238177704328373
Other,Higgs_ps_isr,Down,16,0.04393358703334,0.10073404070562539,5.605543406889466
Other,Higgs_ps_isr,Down,17,0.10073404070562539,0.23767632438315117,9.016132124944829
Other,Higgs_ps_isr,Down,18,0.23767632438315117,0.4957539730742803,14.05010919235772
Other,Higgs_ps_isr,Down,19,0.4957539730742803,1.0,22.859546530299625
Other,Higgs_ps_isr,Up,0,0.0,0.0009567917389306952,0.02017212582447654
Other,Higgs_ps_isr,Up,1,0.0009567917389306952,0.0011761846848516988,0.02309910013255971
Other,Higgs_ps_isr,Up,2,0.0011761846848516988,0.0014056492364034057,0.028126231273585198
Other,Higgs_ps_isr,Up,3,0.0014056492364034057,0.0016879615058736856,0.03179467745975677
Other,Higgs_ps_isr,Up,4,0.0016879615058736856,0.002029518495153339,0.036391897181731137
Other,Higgs_ps_isr,Up,5,0.002029518495153339,0.0024498090280613213,0.048645050974345266
Other,Higgs_ps_isr,Up,6,0.0024498090280613213,0.0029563838476912704,0.0595053725870211
Other,Higgs_ps_isr,Up,7,0.0029563838476912704,0.003557510286689314,0.0659125747219631
Other,Higgs_ps_isr,Up,8,0.003557510286689314,0.004267894997991053,0.0750002880750007
Other,Higgs_ps_isr,Up,9,0.004267894997991053,0.0050779368864586815,0.07976280096893296
Other,Higgs_ps_isr,Up,10,0.0050779368864586815,0.006105206239196243,0.08323387517235747
Other,Higgs_ps_isr,Up,11,0.006105206239196243,0.007522517248260182,0.09676254972587173
Other,Higgs_ps_isr,Up,12,0.007522517248260182,0.009719243336259968,0.11796900624805584
Other,Higgs_ps_isr,Up,13,0.009719243336259968,0.013643487834444395,0.2049861904011281
Other,Higgs_ps_isr,Up,14,0.013643487834444395,0.022087249077993153,0.6746311741736439
Other,Higgs_ps_isr,Up,15,0.022087249077993153,0.04393358703334,2.4242216488883965
Other,Higgs_ps_isr,Up,16,0.04393358703334,0.10073404070562539,5.3619237355386415
Other,Higgs_ps_isr,Up,17,0.10073404070562539,0.23767632438315117,8.710373631395441
Other,Higgs_ps_isr,Up,18,0.23767632438315117,0.4957539730742803,13.72530401853238
Other,Higgs_ps_isr,Up,19,0.4957539730742803,1.0,23.056165655253487
Signal,,nominal,0,0.0,0.0009567917389306952,9.813937189326191e-06
Signal,,nominal,1,0.0009567917389306952,0.0011761846848516988,4.182482840748773e-06
Signal,,nominal,2,0.0011761846848516988,0.0014056492364034057,9.481957435433137e-06
Signal,,nominal,3,0.0014056492364034057,0.0016879615058736856,1.8324270059894684e-06
Signal,,nominal,4,0.0016879615058736856,0.002029518495153339,1.8893374137746734e-05
Signal,,nominal,5,0.002029518495153339,0.0024498090280613213,1.641449019582639e-05
Signal,,nominal,6,0.0024498090280613213,0.0029563838476912704,6.268030147441965e-06
Signal,,nominal,7,0.0029563838476912704,0.003557510286689314,1.8147165059708754e-05
Signal,,nominal,8,0.003557510286689314,0.004267894997991053,1.2356760415502635e-05
Signal,,nominal,9,0.004267894997991053,0.0050779368864586815,-9.79342725447707e-06
Signal,,nominal,10,0.0050779368864586815,0.006105206239196243,2.5217695015819757e-05
Signal,,nominal,11,0.006105206239196243,0.007522517248260182,3.380168802218985e-05
Signal,,nominal,12,0.007522517248260182,0.009719243336259968,3.251131647839269e-05
Signal,,nominal,13,0.009719243336259968,0.013643487834444395,7.207523964521977e-05
Signal,,nominal,14,0.013643487834444395,0.022087249077993153,0.00016677337750784405
Signal,,nominal,15,0.022087249077993153,0.04393358703334,0.0005453651805020212
Signal,,nominal,16,0.04393358703334,0.10073404070562539,0.0013161631717797289
Signal,,nominal,17,0.10073404070562539,0.23767632438315117,0.003219060266032515
Signal,,nominal,18,0.23767632438315117,0.4957539730742803,0.009213029552190952
Signal,,nominal,19,0.4957539730742803,1.0,0.03706564257173818
Signal,CMS_ctag2d,Down,0,0.0,0.0009567917389306952,7.997672042984066e-06
Signal,CMS_ctag2d,Down,1,0.0009567917389306952,0.0011761846848516988,5.969118460817602e-06
Signal,CMS_ctag2d,Down,2,0.0011761846848516988,0.0014056492364034057,1.043096513974188e-05
Signal,CMS_ctag2d,Down,3,0.0014056492364034057,0.0016879615058736856,7.197329343760714e-06
Signal,CMS_ctag2d,Down,4,0.0016879615058736856,0.002029518495153339,1.751251786131109e-05
Signal,CMS_ctag2d,Down,5,0.002029518495153339,0.0024498090280613213,2.199198907657917e-05
Signal,CMS_ctag2d,Down,6,0.0024498090280613213,0.0029563838476912704,9.017070505013921e-06
Signal,CMS_ctag2d,Down,7,0.0029563838476912704,0.003557510286689314,1.5212163997206524e-05
Signal,CMS_ctag2d,Down,8,0.003557510286689314,0.004267894997991053,1.4972385857079027e-05
Signal,CMS_ctag2d,Down,9,0.004267894997991053,0.0050779368864586815,-7.882454598002244e-06
Signal,CMS_ctag2d,Down,10,0.0050779368864586815,0.006105206239196243,1.7316080804630383e-05
Signal,CMS_ctag2d,Down,11,0.006105206239196243,0.007522517248260182,4.608696814843843e-05
Signal,CMS_ctag2d,Down,12,0.007522517248260182,0.009719243336259968,3.2599347496130196e-05
Signal,CMS_ctag2d,Down,13,0.009719243336259968,0.013643487834444395,7.675030618355545e-05
Signal,CMS_ctag2d,Down,14,0.013643487834444395,0.022087249077993153,0.00015067234840749748
Signal,CMS_ctag2d,Down,15,0.022087249077993153,0.04393358703334,0.0005375084061113769
Signal,CMS_ctag2d,Down,16,0.04393358703334,0.10073404070562539,0.001347330983614926
Signal,CMS_ctag2d,Down,17,0.10073404070562539,0.23767632438315117,0.0034460082605425914
Signal,CMS_ctag2d,Down,18,0.23767632438315117,0.4957539730742803,0.009796280026737058
Signal,CMS_ctag2d,Down,19,0.4957539730742803,1.0,0.034558250855209895
Signal,CMS_ctag2d,Up,0,0.0,0.0009567917389306952,1.6473883333386244e-05
Signal,CMS_ctag2d,Up,1,0.0009567917389306952,0.0011761846848516988,4.428247428888578e-06
Signal,CMS_ctag2d,Up,2,0.0011761846848516988,0.0014056492364034057,5.982785103192312e-06
Signal,CMS_ctag2d,Up,3,0.0014056492364034057,0.0016879615058736856,-9.881347672325299e-06
Signal,CMS_ctag2d,Up,4,0.0016879615058736856,0.002029518495153339,2.3456001805807708e-05
Signal,CMS_ctag2d,Up,5,0.002029518495153339,0.0024498090280613213,9.101164364084185e-06
Signal,CMS_ctag2d,Up,6,0.0024498090280613213,0.0029563838476912704,2.535659972154992e-06
Signal,CMS_ctag2d,Up,7,0.0029563838476912704,0.003557510286689314,3.2585114202135806e-05
Signal,CMS_ctag2d,Up,8,0.003557510286689314,0.004267894997991053,1.6110152668305793e-05
Signal,CMS_ctag2d,Up,9,0.004267894997991053,0.0050779368864586815,-1.6531602543245043e-05
Signal,CMS_ctag2d,Up,10,0.0050779368864586815,0.006105206239196243,4.151264629564766e-05
Signal,CMS_ctag2d,Up,11,0.006105206239196243,0.007522517248260182,2.7484746132119966e-05
Signal,CMS_ctag2d,Up,12,0.007522517248260182,0.009719243336259968,4.8153266418973306e-05
Signal,CMS_ctag2d,Up,13,0.009719243336259968,0.013643487834444395,7.813246815659031e-05
Signal,CMS_ctag2d,Up,14,0.013643487834444395,0.022087249077993153,0.00024402768362460388
Signal,CMS_ctag2d,Up,15,0.022087249077993153,0.04393358703334,0.0008054666224870406
Signal,CMS_ctag2d,Up,16,0.04393358703334,0.10073404070562539,0.0016763663201238514
Signal,CMS_ctag2d,Up,17,0.10073404070562539,0.23767632438315117,0.004209801830280255
Signal,CMS_ctag2d,Up,18,0.23767632438315117,0.4957539730742803,0.011701888994326493
Signal,CMS_ctag2d,Up,19,0.4957539730742803,1.0,0.0517887399557116
Signal,CMS_eff_e_reco_20to75,Down,0,0.0,0.0009567917389306952,9.810564391081206e-06
Signal,CMS_eff_e_reco_20to75,Down,1,0.0009567917389306952,0.0011761846848516988,4.179054923971458e-06
Signal,CMS_eff_e_reco_20to75,Down,2,0.0011761846848516988,0.0014056492364034057,9.478319533932508e-06
Signal,CMS_eff_e_reco_20to75,Down,3,0.0014056492364034057,0.0016879615058736856,1.78811712961347e-06
Signal,CMS_eff_e_reco_20to75,Down,4,0.0016879615058736856,0.002029518495153339,1.8834043334847998e-05
Signal,CMS_eff_e_reco_20to75,Down,5,0.002029518495153339,0.0024498090280613213,1.639460857722833e-05
Signal,CMS_eff_e_reco_20to75,Down,6,0.0024498090280613213,0.0029563838476912704,6.251632404648083e-06
Signal,CMS_eff_e_reco_20to75,Down,7,0.0029563838476912704,0.003557510286689314,1.801692985116705e-05
Signal,CMS_eff_e_reco_20to75,Down,8,0.003557510286689314,0.004267894997991053,1.2222215497943484e-05
Signal,CMS_eff_e_reco_20to75,Down,9,0.004267894997991053,0.0050779368864586815,-9.759262985732054e-06
Signal,CMS_eff_e_reco_20to75,Down,10,0.0050779368864586815,0.006105206239196243,2.5149480198244964e-05
Signal,CMS_eff_e_reco_20to75,Down,11,0.006105206239196243,0.007522517248260182,3.366528299541894e-05
Signal,CMS_eff_e_reco_20to75,Down,12,0.007522517248260182,0.009719243336259968,3.184190945014262e-05
Signal,CMS_eff_e_reco_20to75,Down,13,0.009719243336259968,0.013643487834444395,7.156426411276094e-05
Signal,CMS_eff_e_reco_20to75,Down,14,0.013643487834444395,0.022087249077993153,0.00016558440541358002
Signal,CMS_eff_e_reco_20to75,Down,15,0.022087249077993153,0.04393358703334,0.0005411052676978436
Signal,CMS_eff_e_reco_20to75,Down,16,0.04393358703334,0.10073404070562539,0.001297517195072789
Signal,CMS_eff_e_reco_20to75,Down,17,0.10073404070562539,0.23767632438315117,0.0031801534212293515
Signal,CMS_eff_e_reco_20to75,Down,18,0.23767632438315117,0.4957539730742803,0.009102022940273138
Signal,CMS_eff_e_reco_20to75,Down,19,0.4957539730742803,1.0,0.03668487386209931
Signal,CMS_eff_e_reco_20to75,Up,0,0.0,0.0009567917389306952,9.817309987571176e-06
Signal,CMS_eff_e_reco_20to75,Up,1,0.0009567917389306952,0.0011761846848516988,4.185910757526087e-06
Signal,CMS_eff_e_reco_20to75,Up,2,0.0011761846848516988,0.0014056492364034057,9.48559533693377e-06
Signal,CMS_eff_e_reco_20to75,Up,3,0.0014056492364034057,0.0016879615058736856,1.877368804528518e-06
Signal,CMS_eff_e_reco_20to75,Up,4,0.0016879615058736856,0.002029518495153339,1.895363492751847e-05
Signal,CMS_eff_e_reco_20to75,Up,5,0.002029518495153339,0.0024498090280613213,1.6434371814424456e-05
Signal,CMS_eff_e_reco_20to75,Up,6,0.0024498090280613213,0.0029563838476912704,6.284725755291228e-06
Signal,CMS_eff_e_reco_20to75,Up,7,0.0029563838476912704,0.003557510286689314,1.8278003471945337e-05
Signal,CMS_eff_e_reco_20to75,Up,8,0.003557510286689314,0.004267894997991053,1.2497114739544145e-05
Signal,CMS_eff_e_reco_20to75,Up,9,0.004267894997991053,0.0050779368864586815,-9.835866250747284e-06
Signal,CMS_eff_e_reco_20to75,Up,10,0.0050779368864586815,0.006105206239196243,2.528777511897484e-05
Signal,CMS_eff_e_reco_20to75,Up,11,0.006105206239196243,0.007522517248260182,3.393913590995782e-05
Signal,CMS_eff_e_reco_20to75,Up,12,0.007522517248260182,0.009719243336259968,3.318464069527747e-05
Signal,CMS_eff_e_reco_20to75,Up,13,0.009719243336259968,0.013643487834444395,7.259052553445117e-05
Signal,CMS_eff_e_reco_20to75,Up,14,0.013643487834444395,0.022087249077993153,0.00016799502038453992
Signal,CMS_eff_e_reco_20to75,Up,15,0.022087249077993153,0.04393358703334,0.0005496099497097147
Signal,CMS_eff_e_reco_20to75,Up,16,0.04393358703334,0.10073404070562539,0.0013351325094077095
Signal,CMS_eff_e_reco_20to75,Up,17,0.10073404070562539,0.23767632438315117,0.003258638349882282
Signal,CMS_eff_e_reco_20to75,Up,18,0.23767632438315117,0.4957539730742803,0.009325562853474334
Signal,CMS_eff_e_reco_20to75,Up,19,0.4957539730742803,1.0,0.03745035185661562
Signal,CMS_eff_e_reco_above75,Down,0,0.0,0.0009567917389306952,9.813937189326191e-06
Signal,CMS_eff_e_reco_above75,Down,1,0.0009567917389306952,0.0011761846848516988,4.145018127008107e-06
Signal,CMS_eff_e_reco_above75,Down,2,0.0011761846848516988,0.0014056492364034057,9.481957435433142e-06
Signal,CMS_eff_e_reco_above75,Down,3,0.0014056492364034057,0.0016879615058736856,1.8324270059894684e-06
Signal,CMS_eff_e_reco_above75,Down,4,0.0016879615058736856,0.002029518495153339,1.8893374137746734e-05
Signal,CMS_eff_e_reco_above75,Down,5,0.002029518495153339,0.0024498090280613213,1.641449019582639e-05
Signal,CMS_eff_e_reco_above75,Down,6,0.0024498090280613213,0.0029563838476912704,6.268030147441965e-06
Signal,CMS_eff_e_reco_above75,Down,7,0.0029563838476912704,0.003557510286689314,1.8069122431761174e-05
Signal,CMS_eff_e_reco_above75,Down,8,0.003557510286689314,0.004267894997991053,1.2335374378543286e-05
Signal,CMS_eff_e_reco_above75,Down,9,0.004267894997991053,0.0050779368864586815,-9.70979026416373e-06
Signal,CMS_eff_e_reco_above75,Down,10,0.0050779368864586815,0.006105206239196243,2.521769501581977e-05
Signal,CMS_eff_e_reco_above75,Down,11,0.006105206239196243,0.007522517248260182,3.386435999523196e-05
Signal,CMS_eff_e_reco_above75,Down,12,0.007522517248260182,0.009719243336259968,3.243642779403094e-05
Signal,CMS_eff_e_reco_above75,Down,13,0.009719243336259968,0.013643487834444395,7.199971118447329e-05
Signal,CMS_eff_e_reco_above75,Down,14,0.013643487834444395,0.022087249077993153,0.00016647284456983754
Signal,CMS_eff_e_reco_above75,Down,15,0.022087249077993153,0.04393358703334,0.0005429009371801777
Signal,CMS_eff_e_reco_above75,Down,16,0.04393358703334,0.10073404070562539,0.0013118918051825473
Signal,CMS_eff_e_reco_above75,Down,17,0.10073404070562539,0.23767632438315117,0.003212274592950157
Signal,CMS_eff_e_reco_above75,Down,18,0.23767632438315117,0.4957539730742803,0.009208361264315248
Signal,CMS_eff_e_reco_above75,Down,19,0.4957539730742803,1.0,0.03706089184778022
Signal,CMS_eff_e_reco_above75,Up,0,0.0,0.0009567917389306952,9.813937189326191e-06
Signal,CMS_eff_e_reco_above75,Up,1,0.0009567917389306952,0.0011761846848516988,4.219947554489438e-06
Signal,CMS_eff_e_reco_above75,Up,2,0.0011761846848516988,0.0014056492364034057,9.481957435433139e-06
Signal,CMS_eff_e_reco_above75,Up,3,0.0014056492364034057,0.0016879615058736856,1.8324270059894684e-06
Signal,CMS_eff_e_reco_above75,Up,4,0.0016879615058736856,0.002029518495153339,1.889337413774674e-05
Signal,CMS_eff_e_reco_above75,Up,5,0.002029518495153339,0.0024498090280613213,1.641449019582639e-05
Signal,CMS_eff_e_reco_above75,Up,6,0.0024498090280613213,0.0029563838476912704,6.268030147441965e-06
Signal,CMS_eff_e_reco_above75,Up,7,0.0029563838476912704,0.003557510286689314,1.8225207687656348e-05
Signal,CMS_eff_e_reco_above75,Up,8,0.003557510286689314,0.004267894997991053,1.237814645246197e-05
Signal,CMS_eff_e_reco_above75,Up,9,0.004267894997991053,0.0050779368864586815,-9.877064244790437e-06
Signal,CMS_eff_e_reco_above75,Up,10,0.0050779368864586815,0.006105206239196243,2.521769501581977e-05
Signal,CMS_eff_e_reco_above75,Up,11,0.006105206239196243,0.007522517248260182,3.3739016049147725e-05
Signal,CMS_eff_e_reco_above75,Up,12,0.007522517248260182,0.009719243336259968,3.258620516275449e-05
Signal,CMS_eff_e_reco_above75,Up,13,0.009719243336259968,0.013643487834444395,7.215076810596625e-05
Signal,CMS_eff_e_reco_above75,Up,14,0.013643487834444395,0.022087249077993153,0.00016707638314080733
Signal,CMS_eff_e_reco_above75,Up,15,0.022087249077993153,0.04393358703334,0.0005478496391001911
Signal,CMS_eff_e_reco_above75,Up,16,0.04393358703334,0.10073404070562539,0.0013204488047718456
Signal,CMS_eff_e_reco_above75,Up,17,0.10073404070562539,0.23767632438315117,0.003225853075593787
Signal,CMS_eff_e_reco_above75,Up,18,0.23767632438315117,0.4957539730742803,0.009217700237826504
Signal,CMS_eff_e_reco_above75,Up,19,0.4957539730742803,1.0,0.037070393928310796
Signal,CMS_eff_e_reco_below20,Down,0,0.0,0.0009567917389306952,9.70470189139327e-06
Signal,CMS_eff_e_reco_below20,Down,1,0.0009567917389306952,0.0011761846848516988,3.95011990113565e-06
Signal,CMS_eff_e_reco_below20,Down,2,0.0011761846848516988,0.0014056492364034057,9.30443092006167e-06
Signal,CMS_eff_e_reco_below20,Down,3,0.0014056492364034057,0.0016879615058736856,1.8324270059894684e-06
Signal,CMS_eff_e_reco_below20,Down,4,0.0016879615058736856,0.002029518495153339,1.8615632247576617e-05
Signal,CMS_eff_e_reco_below20,Down,5,0.002029518495153339,0.0024498090280613213,1.603056189953731e-05
Signal,CMS_eff_e_reco_below20,Down,6,0.0024498090280613213,0.0029563838476912704,6.481579909973653e-06
Signal,CMS_eff_e_reco_below20,Down,7,0.0029563838476912704,0.003557510286689314,1.7205075942259475e-05
Signal,CMS_eff_e_reco_below20,Down,8,0.003557510286689314,0.004267894997991053,1.1905751081725326e-05
Signal,CMS_eff_e_reco_below20,Down,9,0.004267894997991053,0.0050779368864586815,-1.0012856366979172e-05
Signal,CMS_eff_e_reco_below20,Down,10,0.0050779368864586815,0.006105206239196243,2.344736787760923e-05
Signal,CMS_eff_e_reco_below20,Down,11,0.006105206239196243,0.007522517248260182,3.266480220883412e-05
Signal,CMS_eff_e_reco_below20,Down,12,0.007522517248260182,0.009719243336259968,3.1312237119477564e-05
Signal,CMS_eff_e_reco_below20,Down,13,0.009719243336259968,0.013643487834444395,6.985175534040376e-05
Signal,CMS_eff_e_reco_below20,Down,14,0.013643487834444395,0.022087249077993153,0.00015582928663230395
Signal,CMS_eff_e_reco_below20,Down,15,0.022087249077993153,0.04393358703334,0.0005233033231292525
Signal,CMS_eff_e_reco_below20,Down,16,0.04393358703334,0.10073404070562539,0.001259812076831803
Signal,CMS_eff_e_reco_below20,Down,17,0.10073404070562539,0.23767632438315117,0.0030557648238219337
Signal,CMS_eff_e_reco_below20,Down,18,0.23767632438315117,0.4957539730742803,0.00874864475388754
Signal,CMS_eff_e_reco_below20,Down,19,0.4957539730742803,1.0,0.03550158652414575
Signal,CMS_eff_e_reco_below20,Up,0,0.0,0.0009567917389306952,9.92955830348113e-06
Signal,CMS_eff_e_reco_below20,Up,1,0.0009567917389306952,0.0011761846848516988,4.425321318372016e-06
Signal,CMS_eff_e_reco_below20,Up,2,0.0011761846848516988,0.0014056492364034057,9.659483950804607e-06
Signal,CMS_eff_e_reco_below20,Up,3,0.0014056492364034057,0.0016879615058736856,1.8324270059894684e-06
Signal,CMS_eff_e_reco_below20,Up,4,0.0016879615058736856,0.002029518495153339,1.9171116027916844e-05
Signal,CMS_eff_e_reco_below20,Up,5,0.002029518495153339,0.0024498090280613213,1.6801751053977464e-05
Signal,CMS_eff_e_reco_below20,Up,6,0.0024498090280613213,0.0029563838476912704,6.0496960551221325e-06
Signal,CMS_eff_e_reco_below20,Up,7,0.0029563838476912704,0.003557510286689314,1.9169601407555435e-05
Signal,CMS_eff_e_reco_below20,Up,8,0.003557510286689314,0.004267894997991053,1.2868691152094757e-05
Signal,CMS_eff_e_reco_below20,Up,9,0.004267894997991053,0.0050779368864586815,-9.528497210070663e-06
Signal,CMS_eff_e_reco_below20,Up,10,0.0050779368864586815,0.006105206239196243,2.7217579568016877e-05
Signal,CMS_eff_e_reco_below20,Up,11,0.006105206239196243,0.007522517248260182,3.498476311989524e-05
Signal,CMS_eff_e_reco_below20,Up,12,0.007522517248260182,0.009719243336259968,3.3748843024453796e-05
Signal,CMS_eff_e_reco_below20,Up,13,0.009719243336259968,0.013643487834444395,7.46325394854792e-05
Signal,CMS_eff_e_reco_below20,Up,14,0.013643487834444395,0.022087249077993153,0.00017913964648836955
Signal,CMS_eff_e_reco_below20,Up,15,0.022087249077993153,0.04393358703334,0.0005691675109105973
Signal,CMS_eff_e_reco_below20,Up,16,0.04393358703334,0.10073404070562539,0.0013759590945847976
Signal,CMS_eff_e_reco_below20,Up,17,0.10073404070562539,0.23767632438315117,0.0033925014902920297
Signal,CMS_eff_e_reco_below20,Up,18,0.23767632438315117,0.4957539730742803,0.00970916472946726
Signal,CMS_eff_e_reco_below20,Up,19,0.4957539730742803,1.0,0.03873338523559238
Signal,CMS_pileup,Down,0,0.0,0.0009567917389306952,1.1133036647290474e-05
Signal,CMS_pileup,Down,1,0.0009567917389306952,0.0011761846848516988,4.745637875362718e-06
Signal,CMS_pileup,Down,2,0.0011761846848516988,0.0014056492364034057,9.648883465744693e-06
Signal,CMS_pileup,Down,3,0.0014056492364034057,0.0016879615058736856,6.148856698512751e-06
Signal,CMS_pileup,Down,4,0.0016879615058736856,0.002029518495153339,1.9543002761533758e-05
Signal,CMS_pileup,Down,5,0.002029518495153339,0.0024498090280613213,1.267286306915212e-05
Signal,CMS_pileup,Down,6,0.0024498090280613213,0.0029563838476912704,8.964666226295463e-06
Signal,CMS_pileup,Down,7,0.0029563838476912704,0.003557510286689314,1.9047872914967776e-05
Signal,CMS_pileup,Down,8,0.003557510286689314,0.004267894997991053,1.5754893886375467e-05
Signal,CMS_pileup,Down,9,0.004267894997991053,0.0050779368864586815,-6.9197237627570895e-06
Signal,CMS_pileup,Down,10,0.0050779368864586815,0.006105206239196243,2.4684855883345272e-05
Signal,CMS_pileup,Down,11,0.006105206239196243,0.007522517248260182,2.9736383013871204e-05
Signal,CMS_pileup,Down,12,0.007522517248260182,0.009719243336259968,3.492844591449187e-05
Signal,CMS_pileup,Down,13,0.009719243336259968,0.013643487834444395,6.955207659090358e-05
Signal,CMS_pileup,Down,14,0.013643487834444395,0.022087249077993153,0.0001690817191121596
Signal,CMS_pileup,Down,15,0.022087249077993153,0.04393358703334,0.0005356305558170977
Signal,CMS_pileup,Down,16,0.04393358703334,0.10073404070562539,0.0013356946674079194
Signal,CMS_pileup,Down,17,0.10073404070562539,0.23767632438315117,0.0032564363611585294
Signal,CMS_pileup,Down,18,0.23767632438315117,0.4957539730742803,0.00928794038358192
Signal,CMS_pileup,Down,19,0.4957539730742803,1.0,0.03744214028956075
Signal,CMS_pileup,Up,0,0.0,0.0009567917389306952,8.794430132458386e-06
Signal,CMS_pileup,Up,1,0.0009567917389306952,0.0011761846848516988,3.7100096919102637e-06
Signal,CMS_pileup,Up,2,0.0011761846848516988,0.0014056492364034057,9.362230624486398e-06
Signal,CMS_pileup,Up,3,0.0014056492364034057,0.0016879615058736856,-3.0206280771199606e-06
Signal,CMS_pileup,Up,4,0.0016879615058736856,0.002029518495153339,1.7567343578059164e-05
Signal,CMS_pileup,Up,5,0.002029518495153339,0.0024498090280613213,1.8893635814441173e-05
Signal,CMS_pileup,Up,6,0.0024498090280613213,0.0029563838476912704,3.5055057463272444e-06
Signal,CMS_pileup,Up,7,0.0029563838476912704,0.003557510286689314,1.4265743331855358e-05
Signal,CMS_pileup,Up,8,0.003557510286689314,0.004267894997991053,8.153978162201507e-06
Signal,CMS_pileup,Up,9,0.004267894997991053,0.0050779368864586815,-1.0962931444082503e-05
Signal,CMS_pileup,Up,10,0.0050779368864586815,0.006105206239196243,2.3770415587486555e-05
Signal,CMS_pileup,Up,11,0.006105206239196243,0.007522517248260182,3.784637341287747e-05
Signal,CMS_pileup,Up,12,0.007522517248260182,0.009719243336259968,2.78299795101888e-05
Signal,CMS_pileup,Up,13,0.009719243336259968,0.013643487834444395,7.556493370179838e-05
Signal,CMS_pileup,Up,14,0.013643487834444395,0.022087249077993153,0.00016055305329950085
Signal,CMS_pileup,Up,15,0.022087249077993153,0.04393358703334,0.0005499486724791071
Signal,CMS_pileup,Up,16,0.04393358703334,0.10073404070562539,0.0012989082159967915
Signal,CMS_pileup,Up,17,0.10073404070562539,0.23767632438315117,0.0032153645169453095
Signal,CMS_pileup,Up,18,0.23767632438315117,0.4957539730742803,0.009158686321555415
Signal,CMS_pileup,Up,19,0.4957539730742803,1.0,0.03663859965094654
Signal,ps_fsr,Down,0,0.0,0.0009567917389306952,1.2137808561291176e-05
Signal,ps_fsr,Down,1,0.0009567917389306952,0.0011761846848516988,4.127041469803248e-06
Signal,ps_fsr,Down,2,0.0011761846848516988,0.0014056492364034057,1.0709467142846682e-05
Signal,ps_fsr,Down,3,0.0014056492364034057,0.0016879615058736856,6.032963127198335e-06
Signal,ps_fsr,Down,4,0.0016879615058736856,0.002029518495153339,1.1176337465009465e-05
Signal,ps_fsr,Down,5,0.002029518495153339,0.0024498090280613213,2.2222777317385723e-05
Signal,ps_fsr,Down,6,0.0024498090280613213,0.0029563838476912704,1.1621162254465644e-05
Signal,ps_fsr,Down,7,0.0029563838476912704,0.003557510286689314,1.6506687729231373e-05
Signal,ps_fsr,Down,8,0.003557510286689314,0.004267894997991053,1.0667339201512986e-05
Signal,ps_fsr,Down,9,0.004267894997991053,0.0050779368864586815,-1.1421499965495692e-05
Signal,ps_fsr,Down,10,0.0050779368864586815,0.006105206239196243,2.4619576157797188e-05
Signal,ps_fsr,Down,11,0.006105206239196243,0.007522517248260182,3.444044874255412e-05
Signal,ps_fsr,Down,12,0.007522517248260182,0.009719243336259968,2.7954358883447412e-05
Signal,ps_fsr,Down,13,0.009719243336259968,0.013643487834444395,7.553377968933791e-05
Signal,ps_fsr,Down,14,0.013643487834444395,0.022087249077993153,0.00016788829373609783
Signal,ps_fsr,Down,15,0.022087249077993153,0.04393358703334,0.0005095965408455385
Signal,ps_fsr,Down,16,0.04393358703334,0.10073404070562539,0.001310573569418739
Signal,ps_fsr,Down,17,0.10073404070562539,0.23767632438315117,0.003395921623007238
Signal,ps_fsr,Down,18,0.23767632438315117,0.4957539730742803,0.00907250098488268
Signal,ps_fsr,Down,19,0.4957539730742803,1.0,0.03648531742072596
Signal,ps_fsr,Up,0,0.0,0.0009567917389306952,8.873315818542025e-06
Signal,ps_fsr,Up,1,0.0009567917389306952,0.0011761846848516988,3.992160292007447e-06
Signal,ps_fsr,Up,2,0.0011761846848516988,0.0014056492364034057,9.447074224024945e-06
Signal,ps_fsr,Up,3,0.0014056492364034057,0.0016879615058736856,2.484583707061322e-07
Signal,ps_fsr,Up,4,0.0016879615058736856,0.002029518495153339,2.2997551699510207e-05
Signal,ps_fsr,Up,5,0.002029518495153339,0.0024498090280613213,1.1964696358474236e-05
Signal,ps_fsr,Up,6,0.0024498090280613213,0.0029563838476912704,5.045056834049372e-06
Signal,ps_fsr,Up,7,0.0029563838476912704,0.003557510286689314,1.6521581950520433e-05
Signal,ps_fsr,Up,8,0.003557510286689314,0.004267894997991053,1.3037267298820899e-05
Signal,ps_fsr,Up,9,0.004267894997991053,0.0050779368864586815,-7.6942736261532e-06
Signal,ps_fsr,Up,10,0.0050779368864586815,0.006105206239196243,2.3751185355704957e-05
Signal,ps_fsr,Up,11,0.006105206239196243,0.007522517248260182,3.3400002992167304e-05
Signal,ps_fsr,Up,12,0.007522517248260182,0.009719243336259968,3.639458265600347e-05
Signal,ps_fsr,Up,13,0.009719243336259968,0.013643487834444395,7.057606911461088e-05
Signal,ps_fsr,Up,14,0.013643487834444395,0.022087249077993153,0.00016724711832913732
Signal,ps_fsr,Up,15,0.022087249077993153,0.04393358703334,0.0005625565670788271
Signal,ps_fsr,Up,16,0.04393358703334,0.10073404070562539,0.0013325421464282963
Signal,ps_fsr,Up,17,0.10073404070562539,0.23767632438315117,0.003139384633571575
Signal,ps_fsr,Up,18,0.23767632438315117,0.4957539730742803,0.009307779359812848
Signal,ps_fsr,Up,19,0.4957539730742803,1.0,0.037396637833414625
Signal,ps_isr,Down,0,0.0,0.0009567917389306952,1.009785627027658e-05
Signal,ps_isr,Down,1,0.0009567917389306952,0.0011761846848516988,4.238573110788992e-06
Signal,ps_isr,Down,2,0.0011761846848516988,0.0014056492364034057,8.865199611831515e-06
Signal,ps_isr,Down,3,0.0014056492364034057,0.0016879615058736856,2.3946891275198235e-06
Signal,ps_isr,Down,4,0.0016879615058736856,0.002029518495153339,1.846242423055063e-05
Signal,ps_isr,Down,5,0.002029518495153339,0.0024498090280613213,1.5764358129976277e-05
Signal,ps_isr,Down,6,0.0024498090280613213,0.0029563838476912704,6.918224481450054e-06
Signal,ps_isr,Down,7,0.0029563838476912704,0.003557510286689314,1.699204675192124e-05
Signal,ps_isr,Down,8,0.003557510286689314,0.004267894997991053,1.2546036706684863e-05
Signal,ps_isr,Down,9,0.004267894997991053,0.0050779368864586815,-1.0235954917420324e-05
Signal,ps_isr,Down,10,0.0050779368864586815,0.006105206239196243,2.8907460395425057e-05
Signal,ps_isr,Down,11,0.006105206239196243,0.007522517248260182,3.651344332143618e-05
Signal,ps_isr,Down,12,0.007522517248260182,0.009719243336259968,3.367780341881571e-05
Signal,ps_isr,Down,13,0.009719243336259968,0.013643487834444395,7.213486248081803e-05
Signal,ps_isr,Down,14,0.013643487834444395,0.022087249077993153,0.0001657615025196214
Signal,ps_isr,Down,15,0.022087249077993153,0.04393358703334,0.0005620476608058618
Signal,ps_isr,Down,16,0.04393358703334,0.10073404070562539,0.0013485295202170845
Signal,ps_isr,Down,17,0.10073404070562539,0.23767632438315117,0.003301041618371723
Signal,ps_isr,Down,18,0.23767632438315117,0.4957539730742803,0.009437080898144407
Signal,ps_isr,Down,19,0.4957539730742803,1.0,0.03757684668015156
Signal,ps_isr,Up,0,0.0,0.0009567917389306952,9.508805534656244e-06
Signal,ps_isr,Up,1,0.0009567917389306952,0.0011761846848516988,4.148265963285334e-06
Signal,ps_isr,Up,2,0.0011761846848516988,0.0014056492364034057,9.919325271165303e-06
Signal,ps_isr,Up,3,0.0014056492364034057,0.0016879615058736856,1.5212960878088335e-06
Signal,ps_isr,Up,4,0.0016879615058736856,0.002029518495153339,1.9120384126812247e-05
Signal,ps_isr,Up,5,0.002029518495153339,0.0024498090280613213,1.6759835031225894e-05
Signal,ps_isr,Up,6,0.0024498090280613213,0.0029563838476912704,5.795128311083934e-06
Signal,ps_isr,Up,7,0.0029563838476912704,0.003557510286689314,1.8853414804097677e-05
Signal,ps_isr,Up,8,0.003557510286689314,0.004267894997991053,1.2199576154372743e-05
Signal,ps_isr,Up,9,0.004267894997991053,0.0050779368864586815,-9.34905394515407e-06
Signal,ps_isr,Up,10,0.0050779368864586815,0.006105206239196243,2.2661306061182588e-05
Signal,ps_isr,Up,11,0.006105206239196243,0.007522517248260182,3.1821976001446565e-05
Signal,ps_isr,Up,12,0.007522517248260182,0.009719243336259968,3.234958072018877e-05
Signal,ps_isr,Up,13,0.009719243336259968,0.013643487834444395,7.141656563074727e-05
Signal,ps_isr,Up,14,0.013643487834444395,0.022087249077993153,0.00016731393258584735
Signal,ps_isr,Up,15,0.022087249077993153,0.04393358703334,0.0005336203020389038
Signal,ps_isr,Up,16,0.04393358703334,0.10073404070562539,0.0012889933296216598
Signal,ps_isr,Up,17,0.10073404070562539,0.23767632438315117,0.0031592491954995756
Signal,ps_isr,Up,18,0.23767632438315117,0.4957539730742803,0.009043282322844935
Signal,ps_isr,Up,19,0.4957539730742803,1.0,0.0366711153946083
ZX,,nominal,0,0.0,0.0009567917389306952,0.0
ZX,,nominal,1,0.0009567917389306952,0.0011761846848516988,-0.011391294895544132
ZX,,nominal,2,0.0011761846848516988,0.0014056492364034057,-0.047313274638708755
ZX,,nominal,3,0.0014056492364034057,0.0016879615058736856,0.532669171489731
ZX,,nominal,4,0.0016879615058736856,0.002029518495153339,-0.12741324645914132
ZX,,nominal,5,0.002029518495153339,0.0024498090280613213,-0.155822041255411
ZX,,nominal,6,0.0024498090280613213,0.0029563838476912704,0.8526997047173088
ZX,,nominal,7,0.0029563838476912704,0.003557510286689314,-0.06708760838835104
ZX,,nominal,8,0.003557510286689314,0.004267894997991053,0.09762096887643701
ZX,,nominal,9,0.004267894997991053,0.0050779368864586815,0.06766822557359675
ZX,,nominal,10,0.0050779368864586815,0.006105206239196243,0.6695570468205927
ZX,,nominal,11,0.006105206239196243,0.007522517248260182,0.22990401063898225
ZX,,nominal,12,0.007522517248260182,0.009719243336259968,1.1687979248622677
ZX,,nominal,13,0.009719243336259968,0.013643487834444395,0.9648205006447461
ZX,,nominal,14,0.013643487834444395,0.022087249077993153,1.3566911974197424
ZX,,nominal,15,0.022087249077993153,0.04393358703334,2.5182256802455054
ZX,,nominal,16,0.04393358703334,0.10073404070562539,2.9408857773582557
ZX,,nominal,17,0.10073404070562539,0.23767632438315117,2.5965884874597513
ZX,,nominal,18,0.23767632438315117,0.4957539730742803,2.242585746566652
ZX,,nominal,19,0.4957539730742803,1.0,0.37427508520904595
data_obs,,nominal,0,0.0,0.0009567917389306952,4.558984410307658
data_obs,,nominal,1,0.0009567917389306952,0.0011761846848516988,4.506983128604893
data_obs,,nominal,2,0.0011761846848516988,0.0014056492364034057,4.4594677831188045
data_obs,,nominal,3,0.0014056492364034057,0.0016879615058736856,5.050240933658188
data_obs,,nominal,4,0.0016879615058736856,0.002029518495153339,4.407881373084512
data_obs,,nominal,5,0.002029518495153339,0.0024498090280613213,4.370180709398597
data_obs,,nominal,6,0.0024498090280613213,0.0029563838476912704,5.374745022439737
data_obs,,nominal,7,0.0029563838476912704,0.003557510286689314,4.4424056086884205
data_obs,,nominal,8,0.003557510286689314,0.004267894997991053,4.598012047257165
data_obs,,nominal,9,0.004267894997991053,0.0050779368864586815,4.544599038215879
data_obs,,nominal,10,0.0050779368864586815,0.006105206239196243,5.126123480455145
data_obs,,nominal,11,0.006105206239196243,0.007522517248260182,4.722613821775925
data_obs,,nominal,12,0.007522517248260182,0.009719243336259968,5.705777979318464
data_obs,,nominal,13,0.009719243336259968,0.013643487834444395,5.624057072155539
data_obs,,nominal,14,0.013643487834444395,0.022087249077993153,6.555630491297009
data_obs,,nominal,15,0.022087249077993153,0.04393358703334,9.576960391904214
data_obs,,nominal,16,0.04393358703334,0.10073404070562539,13.005939943786176
data_obs,,nominal,17,0.10073404070562539,0.23767632438315117,16.008640377264758
data_obs,,nominal,18,0.23767632438315117,0.4957539730742803,20.69176571290611
data_obs,,nominal,19,0.4957539730742803,1.0,27.902337644880426
ggZZ,,nominal,0,0.0,0.0009567917389306952,0.2657931982283264
ggZZ,,nominal,1,0.0009567917389306952,0.0011761846848516988,0.22277165031645757
ggZZ,,nominal,2,0.0011761846848516988,0.0014056492364034057,0.2154362266913027
ggZZ,,nominal,3,0.0014056492364034057,0.0016879615058736856,0.21665149815144014
ggZZ,,nominal,4,0.0016879615058736856,0.002029518495153339,0.21483961506217764
ggZZ,,nominal,5,0.002029518495153339,0.0024498090280613213,0.1960702973595061
ggZZ,,nominal,6,0.0024498090280613213,0.0029563838476912704,0.17820586583198006
ggZZ,,nominal,7,0.0029563838476912704,0.003557510286689314,0.1696284879673282
ggZZ,,nominal,8,0.003557510286689314,0.004267894997991053,0.14914071246403626
ggZZ,,nominal,9,0.004267894997991053,0.0050779368864586815,0.12277254708948471
ggZZ,,nominal,10,0.0050779368864586815,0.006105206239196243,0.11848042496483124
ggZZ,,nominal,11,0.006105206239196243,0.007522517248260182,0.12064839345453615
ggZZ,,nominal,12,0.007522517248260182,0.009719243336259968,0.14067029814324572
ggZZ,,nominal,13,0.009719243336259968,0.013643487834444395,0.1747360065388741
ggZZ,,nominal,14,0.013643487834444395,0.022087249077993153,0.23946950128032762
ggZZ,,nominal,15,0.022087249077993153,0.04393358703334,0.3128470349172181
ggZZ,,nominal,16,0.04393358703334,0.10073404070562539,0.3184513960042139
ggZZ,,nominal,17,0.10073404070562539,0.23767632438315117,0.29023974402585173
ggZZ,,nominal,18,0.23767632438315117,0.4957539730742803,0.2886277294908406
ggZZ,,nominal,19,0.4957539730742803,1.0,0.27409294642640436
ggZZ,CMS_ctag2d,Down,0,0.0,0.0009567917389306952,0.26908701025469833
ggZZ,CMS_ctag2d,Down,1,0.0009567917389306952,0.0011761846848516988,0.2253467265470292
ggZZ,CMS_ctag2d,Down,2,0.0011761846848516988,0.0014056492364034057,0.21716192825423475
ggZZ,CMS_ctag2d,Down,3,0.0014056492364034057,0.0016879615058736856,0.2165952726455419
ggZZ,CMS_ctag2d,Down,4,0.0016879615058736856,0.002029518495153339,0.2181349259232167
ggZZ,CMS_ctag2d,Down,5,0.002029518495153339,0.0024498090280613213,0.19788085679516976
ggZZ,CMS_ctag2d,Down,6,0.0024498090280613213,0.0029563838476912704,0.17850688520631364
ggZZ,CMS_ctag2d,Down,7,0.0029563838476912704,0.003557510286689314,0.17182969167708273
ggZZ,CMS_ctag2d,Down,8,0.003557510286689314,0.004267894997991053,0.1516070341300988
ggZZ,CMS_ctag2d,Down,9,0.004267894997991053,0.0050779368864586815,0.12286203618528013
ggZZ,CMS_ctag2d,Down,10,0.0050779368864586815,0.006105206239196243,0.12074885283930747
ggZZ,CMS_ctag2d,Down,11,0.006105206239196243,0.007522517248260182,0.1208428857632513
ggZZ,CMS_ctag2d,Down,12,0.007522517248260182,0.009719243336259968,0.14219981267051773
ggZZ,CMS_ctag2d,Down,13,0.009719243336259968,0.013643487834444395,0.17829654435427278
ggZZ,CMS_ctag2d,Down,14,0.013643487834444395,0.022087249077993153,0.24069923795127046
ggZZ,CMS_ctag2d,Down,15,0.022087249077993153,0.04393358703334,0.31554158079468486
ggZZ,CMS_ctag2d,Down,16,0.04393358703334,0.10073404070562539,0.32330492769943575
ggZZ,CMS_ctag2d,Down,17,0.10073404070562539,0.23767632438315117,0.2908821739714025
ggZZ,CMS_ctag2d,Down,18,0.23767632438315117,0.4957539730742803,0.29194044929073115
ggZZ,CMS_ctag2d,Down,19,0.4957539730742803,1.0,0.2687673637472985
ggZZ,CMS_ctag2d,Up,0,0.0,0.0009567917389306952,0.2734703541501181
ggZZ,CMS_ctag2d,Up,1,0.0009567917389306952,0.0011761846848516988,0.23231644096121862
ggZZ,CMS_ctag2d,Up,2,0.0011761846848516988,0.0014056492364034057,0.22622132980355059
ggZZ,CMS_ctag2d,Up,3,0.0014056492364034057,0.0016879615058736856,0.22353581671796618
ggZZ,CMS_ctag2d,Up,4,0.0016879615058736856,0.002029518495153339,0.2209730329562456
ggZZ,CMS_ctag2d,Up,5,0.002029518495153339,0.0024498090280613213,0.20851391574339329
ggZZ,CMS_ctag2d,Up,6,0.0024498090280613213,0.0029563838476912704,0.18270221357577032
ggZZ,CMS_ctag2d,Up,7,0.0029563838476912704,0.003557510286689314,0.1773234358171698
ggZZ,CMS_ctag2d,Up,8,0.003557510286689314,0.004267894997991053,0.15580714131723883
ggZZ,CMS_ctag2d,Up,9,0.004267894997991053,0.0050779368864586815,0.1260434052814725
ggZZ,CMS_ctag2d,Up,10,0.0050779368864586815,0.006105206239196243,0.12562322433194018
ggZZ,CMS_ctag2d,Up,11,0.006105206239196243,0.007522517248260182,0.1234436529323153
ggZZ,CMS_ctag2d,Up,12,0.007522517248260182,0.009719243336259968,0.14244266553475704
ggZZ,CMS_ctag2d,Up,13,0.009719243336259968,0.013643487834444395,0.181933592958488
ggZZ,CMS_ctag2d,Up,14,0.013643487834444395,0.022087249077993153,0.2548440921181552
ggZZ,CMS_ctag2d,Up,15,0.022087249077993153,0.04393358703334,0.3295313964329809
ggZZ,CMS_ctag2d,Up,16,0.04393358703334,0.10073404070562539,0.33422949317594863
ggZZ,CMS_ctag2d,Up,17,0.10073404070562539,0.23767632438315117,0.31396897624112663
ggZZ,CMS_ctag2d,Up,18,0.23767632438315117,0.4957539730742803,0.297844883015133
ggZZ,CMS_ctag2d,Up,19,0.4957539730742803,1.0,0.29611480020549497
ggZZ,CMS_eff_e_reco_20to75,Down,0,0.0,0.0009567917389306952,0.2655626732283033
ggZZ,CMS_eff_e_reco_20to75,Down,1,0.0009567917389306952,0.0011761846848516988,0.22164382480758466
ggZZ,CMS_eff_e_reco_20to75,Down,2,0.0011761846848516988,0.0014056492364034057,0.21338522257787723
ggZZ,CMS_eff_e_reco_20to75,Down,3,0.0014056492364034057,0.0016879615058736856,0.21370774489581779
ggZZ,CMS_eff_e_reco_20to75,Down,4,0.0016879615058736856,0.002029518495153339,0.2122277747892124
ggZZ,CMS_eff_e_reco_20to75,Down,5,0.002029518495153339,0.0024498090280613213,0.19331255549378157
ggZZ,CMS_eff_e_reco_20to75,Down,6,0.0024498090280613213,0.0029563838476912704,0.1758788448997617
ggZZ,CMS_eff_e_reco_20to75,Down,7,0.0029563838476912704,0.003557510286689314,0.1676646736319538
ggZZ,CMS_eff_e_reco_20to75,Down,8,0.003557510286689314,0.004267894997991053,0.14733121475097977
ggZZ,CMS_eff_e_reco_20to75,Down,9,0.004267894997991053,0.0050779368864586815,0.12152211856354023
ggZZ,CMS_eff_e_reco_20to75,Down,10,0.0050779368864586815,0.006105206239196243,0.11725096443122052
ggZZ,CMS_eff_e_reco_20to75,Down,11,0.006105206239196243,0.007522517248260182,0.11958583111062504
ggZZ,CMS_eff_e_reco_20to75,Down,12,0.007522517248260182,0.009719243336259968,0.13961858185084086
ggZZ,CMS_eff_e_reco_20to75,Down,13,0.009719243336259968,0.013643487834444395,0.17332729301191696
ggZZ,CMS_eff_e_reco_20to75,Down,14,0.013643487834444395,0.022087249077993153,0.2377900756272915
ggZZ,CMS_eff_e_reco_20to75,Down,15,0.022087249077993153,0.04393358703334,0.3105497844819789
ggZZ,CMS_eff_e_reco_20to75,Down,16,0.04393358703334,0.10073404070562539,0.3158849484037356
ggZZ,CMS_eff_e_reco_20to75,Down,17,0.10073404070562539,0.23767632438315117,0.2876252733152467
ggZZ,CMS_eff_e_reco_20to75,Down,18,0.23767632438315117,0.4957539730742803,0.2856838101924555
ggZZ,CMS_eff_e_reco_20to75,Down,19,0.4957539730742803,1.0,0.2714384332267388
ggZZ,CMS_eff_e_reco_20to75,Up,0,0.0,0.0009567917389306952,0.26602841696720136
ggZZ,CMS_eff_e_reco_20to75,Up,1,0.0009567917389306952,0.0011761846848516988,0.22392852996592677
ggZZ,CMS_eff_e_reco_20to75,Up,2,0.0011761846848516988,0.0014056492364034057,0.21754030584401857
ggZZ,CMS_eff_e_reco_20to75,Up,3,0.0014056492364034057,0.0016879615058736856,0.2196914960199845
ggZZ,CMS_eff_e_reco_20to75,Up,4,0.0016879615058736856,0.002029518495153339,0.2175102616989989
ggZZ,CMS_eff_e_reco_20to75,Up,5,0.002029518495153339,0.0024498090280613213,0.19889073097640653
ggZZ,CMS_eff_e_reco_20to75,Up,6,0.0024498090280613213,0.0029563838476912704,0.18057434328933453
ggZZ,CMS_eff_e_reco_20to75,Up,7,0.0029563838476912704,0.003557510286689314,0.17162477427906597
ggZZ,CMS_eff_e_reco_20to75,Up,8,0.003557510286689314,0.004267894997991053,0.15097284618934825
ggZZ,CMS_eff_e_reco_20to75,Up,9,0.004267894997991053,0.0050779368864586815,0.12404328443188306
ggZZ,CMS_eff_e_reco_20to75,Up,10,0.0050779368864586815,0.006105206239196243,0.11973246325104103
ggZZ,CMS_eff_e_reco_20to75,Up,11,0.006105206239196243,0.007522517248260182,0.1217244908605366
ggZZ,CMS_eff_e_reco_20to75,Up,12,0.007522517248260182,0.009719243336259968,0.14173574688742363
ggZZ,CMS_eff_e_reco_20to75,Up,13,0.009719243336259968,0.013643487834444395,0.17617810549424906
ggZZ,CMS_eff_e_reco_20to75,Up,14,0.013643487834444395,0.022087249077993153,0.24117219805535672
ggZZ,CMS_eff_e_reco_20to75,Up,15,0.022087249077993153,0.04393358703334,0.31517798864743973
ggZZ,CMS_eff_e_reco_20to75,Up,16,0.04393358703334,0.10073404070562539,0.32105709901673674
ggZZ,CMS_eff_e_reco_20to75,Up,17,0.10073404070562539,0.23767632438315117,0.29288911585959543
ggZZ,CMS_eff_e_reco_20to75,Up,18,0.23767632438315117,0.4957539730742803,0.2916170246176506
ggZZ,CMS_eff_e_reco_20to75,Up,19,0.4957539730742803,1.0,0.27678336762279265
ggZZ,CMS_eff_e_reco_above75,Down,0,0.0,0.0009567917389306952,0.2657844564060324
ggZZ,CMS_eff_e_reco_above75,Down,1,0.0009567917389306952,0.0011761846848516988,0.2227261999245943
ggZZ,CMS_eff_e_reco_above75,Down,2,0.0011761846848516988,0.0014056492364034057,0.21537214058559034
ggZZ,CMS_eff_e_reco_above75,Down,3,0.0014056492364034057,0.0016879615058736856,0.21653549225991386
ggZZ,CMS_eff_e_reco_above75,Down,4,0.0016879615058736856,0.002029518495153339,0.21472666290807052
ggZZ,CMS_eff_e_reco_above75,Down,5,0.002029518495153339,0.0024498090280613213,0.1959982913858811
ggZZ,CMS_eff_e_reco_above75,Down,6,0.0024498090280613213,0.0029563838476912704,0.17812171969554447
ggZZ,CMS_eff_e_reco_above75,Down,7,0.0029563838476912704,0.003557510286689314,0.16950036545717606
ggZZ,CMS_eff_e_reco_above75,Down,8,0.003557510286689314,0.004267894997991053,0.14906279083531948
ggZZ,CMS_eff_e_reco_above75,Down,9,0.004267894997991053,0.0050779368864586815,0.12269272708563816
ggZZ,CMS_eff_e_reco_above75,Down,10,0.0050779368864586815,0.006105206239196243,0.11838683631522096
ggZZ,CMS_eff_e_reco_above75,Down,11,0.006105206239196243,0.007522517248260182,0.12059512570456654
ggZZ,CMS_eff_e_reco_above75,Down,12,0.007522517248260182,0.009719243336259968,0.1406450753136994
ggZZ,CMS_eff_e_reco_above75,Down,13,0.009719243336259968,0.013643487834444395,0.17470277606502194
ggZZ,CMS_eff_e_reco_above75,Down,14,0.013643487834444395,0.022087249077993153,0.23942710606299933
ggZZ,CMS_eff_e_reco_above75,Down,15,0.022087249077993153,0.04393358703334,0.31281904623275514
ggZZ,CMS_eff_e_reco_above75,Down,16,0.04393358703334,0.10073404070562539,0.31837635394353203
ggZZ,CMS_eff_e_reco_above75,Down,17,0.10073404070562539,0.23767632438315117,0.2901834850806999
ggZZ,CMS_eff_e_reco_above75,Down,18,0.23767632438315117,0.4957539730742803,0.2885904973975184
ggZZ,CMS_eff_e_reco_above75,Down,19,0.4957539730742803,1.0,0.27407464122376224
ggZZ,CMS_eff_e_reco_above75,Up,0,0.0,0.0009567917389306952,0.2658019400506206
ggZZ,CMS_eff_e_reco_above75,Up,1,0.0009567917389306952,0.0011761846848516988,0.22281710070832073
ggZZ,CMS_eff_e_reco_above75,Up,2,0.0011761846848516988,0.0014056492364034057,0.2155003127970156
ggZZ,CMS_eff_e_reco_above75,Up,3,0.0014056492364034057,0.0016879615058736856,0.21676750404296574
ggZZ,CMS_eff_e_reco_above75,Up,4,0.0016879615058736856,0.002029518495153339,0.2149528418454214
ggZZ,CMS_eff_e_reco_above75,Up,5,0.002029518495153339,0.0024498090280613213,0.1961423090810217
ggZZ,CMS_eff_e_reco_above75,Up,6,0.0024498090280613213,0.0029563838476912704,0.17829001196841698
ggZZ,CMS_eff_e_reco_above75,Up,7,0.0029563838476912704,0.003557510286689314,0.16975684420212
ggZZ,CMS_eff_e_reco_above75,Up,8,0.003557510286689314,0.004267894997991053,0.14921863409275327
ggZZ,CMS_eff_e_reco_above75,Up,9,0.004267894997991053,0.0050779368864586815,0.12285236709333058
ggZZ,CMS_eff_e_reco_above75,Up,10,0.0050779368864586815,0.006105206239196243,0.11857423461244121
ggZZ,CMS_eff_e_reco_above75,Up,11,0.006105206239196243,0.007522517248260182,0.12070211535819642
ggZZ,CMS_eff_e_reco_above75,Up,12,0.007522517248260182,0.009719243336259968,0.1406955209727916
ggZZ,CMS_eff_e_reco_above75,Up,13,0.009719243336259968,0.013643487834444395,0.17476927919723284
ggZZ,CMS_eff_e_reco_above75,Up,14,0.013643487834444395,0.022087249077993153,0.23951189649765592
ggZZ,CMS_eff_e_reco_above75,Up,15,0.022087249077993153,0.04393358703334,0.3128750236016824
ggZZ,CMS_eff_e_reco_above75,Up,16,0.04393358703334,0.10073404070562539,0.318526438064898
ggZZ,CMS_eff_e_reco_above75,Up,17,0.10073404070562539,0.23767632438315117,0.2902960029710031
ggZZ,CMS_eff_e_reco_above75,Up,18,0.23767632438315117,0.4957539730742803,0.2886649615841632
ggZZ,CMS_eff_e_reco_above75,Up,19,0.4957539730742803,1.0,0.2741112516290478
ggZZ,CMS_eff_e_reco_below20,Down,0,0.0,0.0009567917389306952,0.26461340757773993
ggZZ,CMS_eff_e_reco_below20,Down,1,0.0009567917389306952,0.0011761846848516988,0.21974452757119917
ggZZ,CMS_eff_e_reco_below20,Down,2,0.0011761846848516988,0.0014056492364034057,0.21126483487178072
ggZZ,CMS_eff_e_reco_below20,Down,3,0.0014056492364034057,0.0016879615058736856,0.2106005438171843
ggZZ,CMS_eff_e_reco_below20,Down,4,0.0016879615058736856,0.002029518495153339,0.20775394419124527
ggZZ,CMS_eff_e_reco_below20,Down,5,0.002029518495153339,0.0024498090280613213,0.1893582182041582
ggZZ,CMS_eff_e_reco_below20,Down,6,0.0024498090280613213,0.0029563838476912704,0.17249363792202144
ggZZ,CMS_eff_e_reco_below20,Down,7,0.0029563838476912704,0.003557510286689314,0.16373384095638155
ggZZ,CMS_eff_e_reco_below20,Down,8,0.003557510286689314,0.004267894997991053,0.1437586840930356
ggZZ,CMS_eff_e_reco_below20,Down,9,0.004267894997991053,0.0050779368864586815,0.11855839929712819
ggZZ,CMS_eff_e_reco_below20,Down,10,0.0050779368864586815,0.006105206239196243,0.11422691588641998
ggZZ,CMS_eff_e_reco_below20,Down,11,0.006105206239196243,0.007522517248260182,0.11632662545919015
ggZZ,CMS_eff_e_reco_below20,Down,12,0.007522517248260182,0.009719243336259968,0.13564724027871256
ggZZ,CMS_eff_e_reco_below20,Down,13,0.009719243336259968,0.013643487834444395,0.1689569719152706
ggZZ,CMS_eff_e_reco_below20,Down,14,0.013643487834444395,0.022087249077993153,0.23048980370336247
ggZZ,CMS_eff_e_reco_below20,Down,15,0.022087249077993153,0.04393358703334,0.30138219037712766
ggZZ,CMS_eff_e_reco_below20,Down,16,0.04393358703334,0.10073404070562539,0.3054659536103239
ggZZ,CMS_eff_e_reco_below20,Down,17,0.10073404070562539,0.23767632438315117,0.27836895806856266
ggZZ,CMS_eff_e_reco_below20,Down,18,0.23767632438315117,0.4957539730742803,0.275479991477356
ggZZ,CMS_eff_e_reco_below20,Down,19,0.4957539730742803,1.0,0.2638437287156856
ggZZ,CMS_eff_e_reco_below20,Up,0,0.0,0.0009567917389306952,0.2669850473063892
ggZZ,CMS_eff_e_reco_below20,Up,1,0.0009567917389306952,0.0011761846848516988,0.22589051201549393
ggZZ,CMS_eff_e_reco_below20,Up,2,0.0011761846848516988,0.0014056492364034057,0.21974550084200722
ggZZ,CMS_eff_e_reco_below20,Up,3,0.0014056492364034057,0.0016879615058736856,0.22286951645091246
ggZZ,CMS_eff_e_reco_below20,Up,4,0.0016879615058736856,0.002029518495153339,0.22221827736383848
ggZZ,CMS_eff_e_reco_below20,Up,5,0.002029518495153339,0.0024498090280613213,0.20298878066651227
ggZZ,CMS_eff_e_reco_below20,Up,6,0.0024498090280613213,0.0029563838476912704,0.18424681068234805
ggZZ,CMS_eff_e_reco_below20,Up,7,0.0029563838476912704,0.003557510286689314,0.1758210836047478
ggZZ,CMS_eff_e_reco_below20,Up,8,0.003557510286689314,0.004267894997991053,0.15470783140280786
ggZZ,CMS_eff_e_reco_below20,Up,9,0.004267894997991053,0.0050779368864586815,0.12720485678432913
ggZZ,CMS_eff_e_reco_below20,Up,10,0.0050779368864586815,0.006105206239196243,0.1229512943132205
ggZZ,CMS_eff_e_reco_below20,Up,11,0.006105206239196243,0.007522517248260182,0.12518222353984898
ggZZ,CMS_eff_e_reco_below20,Up,12,0.007522517248260182,0.009719243336259968,0.14604594528911496
ggZZ,CMS_eff_e_reco_below20,Up,13,0.009719243336259968,0.013643487834444395,0.18088778692717344
ggZZ,CMS_eff_e_reco_below20,Up,14,0.013643487834444395,0.022087249077993153,0.24926006865614836
ggZZ,CMS_eff_e_reco_below20,Up,15,0.022087249077993153,0.04393358703334,0.32524781688592075
ggZZ,CMS_eff_e_reco_below20,Up,16,0.04393358703334,0.10073404070562539,0.332488154506267
ggZZ,CMS_eff_e_reco_below20,Up,17,0.10073404070562539,0.23767632438315117,0.30306465008439476
ggZZ,CMS_eff_e_reco_below20,Up,18,0.23767632438315117,0.4957539730742803,0.30260085311270446
ggZZ,CMS_eff_e_reco_below20,Up,19,0.4957539730742803,1.0,0.2848991133760883
ggZZ,CMS_pileup,Down,0,0.0,0.0009567917389306952,0.2684454898918778
ggZZ,CMS_pileup,Down,1,0.0009567917389306952,0.0011761846848516988,0.22192994427145557
ggZZ,CMS_pileup,Down,2,0.0011761846848516988,0.0014056492364034057,0.21845584020087433
ggZZ,CMS_pileup,Down,3,0.0014056492364034057,0.0016879615058736856,0.21673442064725312
ggZZ,CMS_pileup,Down,4,0.0016879615058736856,0.002029518495153339,0.2158688189120479
ggZZ,CMS_pileup,Down,5,0.002029518495153339,0.0024498090280613213,0.1946516203742834
ggZZ,CMS_pileup,Down,6,0.0024498090280613213,0.0029563838476912704,0.1795800683608435
ggZZ,CMS_pileup,Down,7,0.0029563838476912704,0.003557510286689314,0.17113858291308026
ggZZ,CMS_pileup,Down,8,0.003557510286689314,0.004267894997991053,0.1515710615857213
ggZZ,CMS_pileup,Down,9,0.004267894997991053,0.0050779368864586815,0.12342697637688427
ggZZ,CMS_pileup,Down,10,0.0050779368864586815,0.006105206239196243,0.11898338227146765
ggZZ,CMS_pileup,Down,11,0.006105206239196243,0.007522517248260182,0.12097610761634092
ggZZ,CMS_pileup,Down,12,0.007522517248260182,0.009719243336259968,0.14243929852873816
ggZZ,CMS_pileup,Down,13,0.009719243336259968,0.013643487834444395,0.17711642863411692
ggZZ,CMS_pileup,Down,14,0.013643487834444395,0.022087249077993153,0.24103664562728122
ggZZ,CMS_pileup,Down,15,0.022087249077993153,0.04393358703334,0.3160089658385692
ggZZ,CMS_pileup,Down,16,0.04393358703334,0.10073404070562539,0.32186162688127595
ggZZ,CMS_pileup,Down,17,0.10073404070562539,0.23767632438315117,0.2901689593439558
ggZZ,CMS_pileup,Down,18,0.23767632438315117,0.4957539730742803,0.288668165842239
ggZZ,CMS_pileup,Down,19,0.4957539730742803,1.0,0.27440453685635324
ggZZ,CMS_pileup,Up,0,0.0,0.0009567917389306952,0.26294941122701965
ggZZ,CMS_pileup,Up,1,0.0009567917389306952,0.0011761846848516988,0.22268273499017732
ggZZ,CMS_pileup,Up,2,0.0011761846848516988,0.0014056492364034057,0.2123783782985259
ggZZ,CMS_pileup,Up,3,0.0014056492364034057,0.0016879615058736856,0.21720032392674038
ggZZ,CMS_pileup,Up,4,0.0016879615058736856,0.002029518495153339,0.2129157757474336
ggZZ,CMS_pileup,Up,5,0.002029518495153339,0.0024498090280613213,0.19621418761847176
ggZZ,CMS_pileup,Up,6,0.0024498090280613213,0.0029563838476912704,0.1767000879402123
ggZZ,CMS_pileup,Up,7,0.0029563838476912704,0.003557510286689314,0.16823957556719726
ggZZ,CMS_pileup,Up,8,0.003557510286689314,0.004267894997991053,0.1469351521202511
ggZZ,CMS_pileup,Up,9,0.004267894997991053,0.0050779368864586815,0.12208052618549003
ggZZ,CMS_pileup,Up,10,0.0050779368864586815,0.006105206239196243,0.11725690492339691
ggZZ,CMS_pileup,Up,11,0.006105206239196243,0.007522517248260182,0.12069521942179229
ggZZ,CMS_pileup,Up,12,0.007522517248260182,0.009719243336259968,0.14050823720431138
ggZZ,CMS_pileup,Up,13,0.009719243336259968,0.013643487834444395,0.17284576211982916
ggZZ,CMS_pileup,Up,14,0.013643487834444395,0.022087249077993153,0.2370277984999305
ggZZ,CMS_pileup,Up,15,0.022087249077993153,0.04393358703334,0.3084148560348634
ggZZ,CMS_pileup,Up,16,0.04393358703334,0.10073404070562539,0.3151524148054814
ggZZ,CMS_pileup,Up,17,0.10073404070562539,0.23767632438315117,0.2903290383101478
ggZZ,CMS_pileup,Up,18,0.23767632438315117,0.4957539730742803,0.28901899223663197
ggZZ,CMS_pileup,Up,19,0.4957539730742803,1.0,0.2729766821373323
ggZZ,ps_fsr,Down,0,0.0,0.0009567917389306952,0.26375252338912947
ggZZ,ps_fsr,Down,1,0.0009567917389306952,0.0011761846848516988,0.22325838124806469
ggZZ,ps_fsr,Down,2,0.0011761846848516988,0.0014056492364034057,0.21535096317966856
ggZZ,ps_fsr,Down,3,0.0014056492364034057,0.0016879615058736856,0.2221020883783147
ggZZ,ps_fsr,Down,4,0.0016879615058736856,0.002029518495153339,0.21124809865561966
ggZZ,ps_fsr,Down,5,0.002029518495153339,0.0024498090280613213,0.19302224389068678
ggZZ,ps_fsr,Down,6,0.0024498090280613213,0.0029563838476912704,0.17563194503769575
ggZZ,ps_fsr,Down,7,0.0029563838476912704,0.003557510286689314,0.1675789675674959
ggZZ,ps_fsr,Down,8,0.003557510286689314,0.004267894997991053,0.1437338756034583
ggZZ,ps_fsr,Down,9,0.004267894997991053,0.0050779368864586815,0.12002153863561849
ggZZ,ps_fsr,Down,10,0.0050779368864586815,0.006105206239196243,0.1168092784075383
ggZZ,ps_fsr,Down,11,0.006105206239196243,0.007522517248260182,0.11768962173642183
ggZZ,ps_fsr,Down,12,0.007522517248260182,0.009719243336259968,0.13540838939842326
ggZZ,ps_fsr,Down,13,0.009719243336259968,0.013643487834444395,0.17403565634332407
ggZZ,ps_fsr,Down,14,0.013643487834444395,0.022087249077993153,0.23773722406892128
ggZZ,ps_fsr,Down,15,0.022087249077993153,0.04393358703334,0.31454995084561777
ggZZ,ps_fsr,Down,16,0.04393358703334,0.10073404070562539,0.3197181626193508
ggZZ,ps_fsr,Down,17,0.10073404070562539,0.23767632438315117,0.29106891167388316
ggZZ,ps_fsr,Down,18,0.23767632438315117,0.4957539730742803,0.287361138616975
ggZZ,ps_fsr,Down,19,0.4957539730742803,1.0,0.27409325937158435
ggZZ,ps_fsr,Up,0,0.0,0.0009567917389306952,0.26791640614835277
ggZZ,ps_fsr,Up,1,0.0009567917389306952,0.0011761846848516988,0.22275091045200923
ggZZ,ps_fsr,Up,2,0.0011761846848516988,0.0014056492364034057,0.2143881695919243
ggZZ,ps_fsr,Up,3,0.0014056492364034057,0.0016879615058736856,0.21433387635218604
ggZZ,ps_fsr,Up,4,0.0016879615058736856,0.002029518495153339,0.21525978418489078
ggZZ,ps_fsr,Up,5,0.002029518495153339,0.0024498090280613213,0.19773815036210252
ggZZ,ps_fsr,Up,6,0.0024498090280613213,0.0029563838476912704,0.18071556351033013
ggZZ,ps_fsr,Up,7,0.0029563838476912704,0.003557510286689314,0.16999644552692872
ggZZ,ps_fsr,Up,8,0.003557510286689314,0.004267894997991053,0.15164415160184652
ggZZ,ps_fsr,Up,9,0.004267894997991053,0.0050779368864586815,0.12283579688823631
ggZZ,ps_fsr,Up,10,0.0050779368864586815,0.006105206239196243,0.11938140329543234
ggZZ,ps_fsr,Up,11,0.006105206239196243,0.007522517248260182,0.1219020543010596
ggZZ,ps_fsr,Up,12,0.007522517248260182,0.009719243336259968,0.144179240620669
ggZZ,ps_fsr,Up,13,0.009719243336259968,0.013643487834444395,0.17639004278767834
ggZZ,ps_fsr,Up,14,0.013643487834444395,0.022087249077993153,0.24151625612738004
ggZZ,ps_fsr,Up,15,0.022087249077993153,0.04393358703334,0.313670482110453
ggZZ,ps_fsr,Up,16,0.04393358703334,0.10073404070562539,0.3204759186046915
ggZZ,ps_fsr,Up,17,0.10073404070562539,0.23767632438315117,0.29125091072584475
ggZZ,ps_fsr,Up,18,0.23767632438315117,0.4957539730742803,0.2920789111748454
ggZZ,ps_fsr,Up,19,0.4957539730742803,1.0,0.27348096448212145
ggZZ,ps_isr,Down,0,0.0,0.0009567917389306952,0.2786232951067178
ggZZ,ps_isr,Down,1,0.0009567917389306952,0.0011761846848516988,0.23541829330860242
ggZZ,ps_isr,Down,2,0.0011761846848516988,0.0014056492364034057,0.22773047672640034
ggZZ,ps_isr,Down,3,0.0014056492364034057,0.0016879615058736856,0.23147461719736329
ggZZ,ps_isr,Down,4,0.0016879615058736856,0.002029518495153339,0.2278788871398948
ggZZ,ps_isr,Down,5,0.002029518495153339,0.0024498090280613213,0.20916767929250724
ggZZ,ps_isr,Down,6,0.0024498090280613213,0.0029563838476912704,0.18929528600556322
ggZZ,ps_isr,Down,7,0.0029563838476912704,0.003557510286689314,0.18183099246172052
ggZZ,ps_isr,Down,8,0.003557510286689314,0.004267894997991053,0.15979804445275847
ggZZ,ps_isr,Down,9,0.004267894997991053,0.0050779368864586815,0.13252571929571855
ggZZ,ps_isr,Down,10,0.0050779368864586815,0.006105206239196243,0.1273315440774927
ggZZ,ps_isr,Down,11,0.006105206239196243,0.007522517248260182,0.12784873503088434
ggZZ,ps_isr,Down,12,0.007522517248260182,0.009719243336259968,0.15133363488205376
ggZZ,ps_isr,Down,13,0.009719243336259968,0.013643487834444395,0.18717319082285044
ggZZ,ps_isr,Down,14,0.013643487834444395,0.022087249077993153,0.2563630678794788
ggZZ,ps_isr,Down,15,0.022087249077993153,0.04393358703334,0.3368901828317954
ggZZ,ps_isr,Down,16,0.04393358703334,0.10073404070562539,0.34526421215820813
ggZZ,ps_isr,Down,17,0.10073404070562539,0.23767632438315117,0.3130812976884356
ggZZ,ps_isr,Down,18,0.23767632438315117,0.4957539730742803,0.3114468914185049
ggZZ,ps_isr,Down,19,0.4957539730742803,1.0,0.28741722999188113
ggZZ,ps_isr,Up,0,0.0,0.0009567917389306952,0.2548467729336129
ggZZ,ps_isr,Up,1,0.0009567917389306952,0.0011761846848516988,0.2124298982604761
ggZZ,ps_isr,Up,2,0.0011761846848516988,0.0014056492364034057,0.20520514418880575
ggZZ,ps_isr,Up,3,0.0014056492364034057,0.0016879615058736856,0.2048637982464956
ggZZ,ps_isr,Up,4,0.0016879615058736856,0.002029518495153339,0.20443441984831556
ggZZ,ps_isr,Up,5,0.002029518495153339,0.0024498090280613213,0.1854479006162244
ggZZ,ps_isr,Up,6,0.0024498090280613213,0.0029563838476912704,0.16918173255547342
ggZZ,ps_isr,Up,7,0.0029563838476912704,0.003557510286689314,0.16010447633213354
ggZZ,ps_isr,Up,8,0.003557510286689314,0.004267894997991053,0.14068846599501073
ggZZ,ps_isr,Up,9,0.004267894997991053,0.0050779368864586815,0.11508148754304082
ggZZ,ps_isr,Up,10,0.0050779368864586815,0.006105206239196243,0.11139935450520544
ggZZ,ps_isr,Up,11,0.006105206239196243,0.007522517248260182,0.11492683141807647
ggZZ,ps_isr,Up,12,0.007522517248260182,0.009719243336259968,0.1323481342924504
ggZZ,ps_isr,Up,13,0.009719243336259968,0.013643487834444395,0.16489886348786342
ggZZ,ps_isr,Up,14,0.013643487834444395,0.022087249077993153,0.2259228120900123
ggZZ,ps_isr,Up,15,0.022087249077993153,0.04393358703334,0.29386079761887096
ggZZ,ps_isr,Up,16,0.04393358703334,0.10073404070562539,0.2976113170598058
ggZZ,ps_isr,Up,17,0.10073404070562539,0.23767632438315117,0.27247479165378374
ggZZ,ps_isr,Up,18,0.23767632438315117,0.4957539730742803,0.2706171255769063
ggZZ,ps_isr,Up,19,0.4957539730742803,1.0,0.2624300857228272
qqZZ,,nominal,0,0.0,0.0009567917389306952,4.272653284071276
qqZZ,,nominal,1,0.0009567917389306952,0.0011761846848516988,4.272479618936628
qqZZ,,nominal,2,0.0011761846848516988,0.0014056492364034057,4.263484669970776
qqZZ,,nominal,3,0.0014056492364034057,0.0016879615058736856,4.269246353840877
qqZZ,,nominal,4,0.0016879615058736856,0.002029518495153339,4.2838707097368385
qqZZ,,nominal,5,0.002029518495153339,0.0024498090280613213,4.281253270710824
qqZZ,,nominal,6,0.0024498090280613213,0.0029563838476912704,4.283787175958551
qqZZ,,nominal,7,0.0029563838476912704,0.003557510286689314,4.273276443864667
qqZZ,,nominal,8,0.003557510286689314,0.004267894997991053,4.276073977859717
qqZZ,,nominal,9,0.004267894997991053,0.0050779368864586815,4.273153649696688
qqZZ,,nominal,10,0.0050779368864586815,0.006105206239196243,4.2546805702054655
qqZZ,,nominal,11,0.006105206239196243,0.007522517248260182,4.27550649263204
qqZZ,,nominal,12,0.007522517248260182,0.009719243336259968,4.277934337330365
qqZZ,,nominal,13,0.009719243336259968,0.013643487834444395,4.277491910697137
qqZZ,,nominal,14,0.013643487834444395,0.022087249077993153,4.275356669106621
qqZZ,,nominal,15,0.022087249077993153,0.04393358703334,4.277518221308071
qqZZ,,nominal,16,0.04393358703334,0.10073404070562539,4.275566656603374
qqZZ,,nominal,17,0.10073404070562539,0.23767632438315117,4.2722356869239775
qqZZ,,nominal,18,0.23767632438315117,0.4957539730742803,4.284113241198796
qqZZ,,nominal,19,0.4957539730742803,1.0,4.250787485837293
qqZZ,CMS_ctag2d,Down,0,0.0,0.0009567917389306952,4.359736219402054
qqZZ,CMS_ctag2d,Down,1,0.0009567917389306952,0.0011761846848516988,4.371675705748988
qqZZ,CMS_ctag2d,Down,2,0.0011761846848516988,0.0014056492364034057,4.296519153110866
qqZZ,CMS_ctag2d,Down,3,0.0014056492364034057,0.0016879615058736856,4.307733843022465
qqZZ,CMS_ctag2d,Down,4,0.0016879615058736856,0.002029518495153339,4.2908062851207305
qqZZ,CMS_ctag2d,Down,5,0.002029518495153339,0.0024498090280613213,4.3071157425939965
qqZZ,CMS_ctag2d,Down,6,0.0024498090280613213,0.0029563838476912704,4.252612693331482
qqZZ,CMS_ctag2d,Down,7,0.0029563838476912704,0.003557510286689314,4.314730975755619
qqZZ,CMS_ctag2d,Down,8,0.003557510286689314,0.004267894997991053,4.271301164808591
qqZZ,CMS_ctag2d,Down,9,0.004267894997991053,0.0050779368864586815,4.273032890766231
qqZZ,CMS_ctag2d,Down,10,0.0050779368864586815,0.006105206239196243,4.269956504480476
qqZZ,CMS_ctag2d,Down,11,0.006105206239196243,0.007522517248260182,4.296092240091916
qqZZ,CMS_ctag2d,Down,12,0.007522517248260182,0.009719243336259968,4.280644225540733
qqZZ,CMS_ctag2d,Down,13,0.009719243336259968,0.013643487834444395,4.260294930045717
qqZZ,CMS_ctag2d,Down,14,0.013643487834444395,0.022087249077993153,4.2773009641251605
qqZZ,CMS_ctag2d,Down,15,0.022087249077993153,0.04393358703334,4.2801033363231795
qqZZ,CMS_ctag2d,Down,16,0.04393358703334,0.10073404070562539,4.294935330832729
qqZZ,CMS_ctag2d,Down,17,0.10073404070562539,0.23767632438315117,4.293809449402531
qqZZ,CMS_ctag2d,Down,18,0.23767632438315117,0.4957539730742803,4.348699278728645
qqZZ,CMS_ctag2d,Down,19,0.4957539730742803,1.0,4.121840278813352
qqZZ,CMS_ctag2d,Up,0,0.0,0.0009567917389306952,4.275296885292539
qqZZ,CMS_ctag2d,Up,1,0.0009567917389306952,0.0011761846848516988,4.4700207889704515
qqZZ,CMS_ctag2d,Up,2,0.0011761846848516988,0.0014056492364034057,4.560500911957741
qqZZ,CMS_ctag2d,Up,3,0.0014056492364034057,0.0016879615058736856,4.456489115584684
qqZZ,CMS_ctag2d,Up,4,0.0016879615058736856,0.002029518495153339,4.704346866436378
qqZZ,CMS_ctag2d,Up,5,0.002029518495153339,0.0024498090280613213,4.612135603572703
qqZZ,CMS_ctag2d,Up,6,0.0024498090280613213,0.0029563838476912704,4.744018557870948
qqZZ,CMS_ctag2d,Up,7,0.0029563838476912704,0.003557510286689314,4.500596369362892
qqZZ,CMS_ctag2d,Up,8,0.003557510286689314,0.004267894997991053,4.682678385947504
qqZZ,CMS_ctag2d,Up,9,0.004267894997991053,0.0050779368864586815,4.773808517298015
qqZZ,CMS_ctag2d,Up,10,0.0050779368864586815,0.006105206239196243,4.608703335765895
qqZZ,CMS_ctag2d,Up,11,0.006105206239196243,0.007522517248260182,4.719806786828137
qqZZ,CMS_ctag2d,Up,12,0.007522517248260182,0.009719243336259968,4.71624046405978
qqZZ,CMS_ctag2d,Up,13,0.009719243336259968,0.013643487834444395,4.835444621553151
qqZZ,CMS_ctag2d,Up,14,0.013643487834444395,0.022087249077993153,4.665142090778403
qqZZ,CMS_ctag2d,Up,15,0.022087249077993153,0.04393358703334,4.677996481755173
qqZZ,CMS_ctag2d,Up,16,0.04393358703334,0.10073404070562539,4.6645063940740386
qqZZ,CMS_ctag2d,Up,17,0.10073404070562539,0.23767632438315117,4.703282586702954
qqZZ,CMS_ctag2d,Up,18,0.23767632438315117,0.4957539730742803,4.547861395254316
qqZZ,CMS_ctag2d,Up,19,0.4957539730742803,1.0,4.950744494474947
qqZZ,CMS_eff_e_reco_20to75,Down,0,0.0,0.0009567917389306952,4.270984817151132
qqZZ,CMS_eff_e_reco_20to75,Down,1,0.0009567917389306952,0.0011761846848516988,4.267848316045163
qqZZ,CMS_eff_e_reco_20to75,Down,2,0.0011761846848516988,0.0014056492364034057,4.254970371475313
qqZZ,CMS_eff_e_reco_20to75,Down,3,0.0014056492364034057,0.0016879615058736856,4.252284990165876
qqZZ,CMS_eff_e_reco_20to75,Down,4,0.0016879615058736856,0.002029518495153339,4.262949035668058
qqZZ,CMS_eff_e_reco_20to75,Down,5,0.002029518495153339,0.0024498090280613213,4.251392660084377
qqZZ,CMS_eff_e_reco_20to75,Down,6,0.0024498090280613213,0.0029563838476912704,4.247118367742608
qqZZ,CMS_eff_e_reco_20to75,Down,7,0.0029563838476912704,0.003557510286689314,4.232541703493908
qqZZ,CMS_eff_e_reco_20to75,Down,8,0.003557510286689314,0.004267894997991053,4.232102998815549
qqZZ,CMS_eff_e_reco_20to75,Down,9,0.004267894997991053,0.0050779368864586815,4.228442086899236
qqZZ,CMS_eff_e_reco_20to75,Down,10,0.0050779368864586815,0.006105206239196243,4.21162380588158
qqZZ,CMS_eff_e_reco_20to75,Down,11,0.006105206239196243,0.007522517248260182,4.235792883808891
qqZZ,CMS_eff_e_reco_20to75,Down,12,0.007522517248260182,0.009719243336259968,4.236581430126492
qqZZ,CMS_eff_e_reco_20to75,Down,13,0.009719243336259968,0.013643487834444395,4.237528693386494
qqZZ,CMS_eff_e_reco_20to75,Down,14,0.013643487834444395,0.022087249077993153,4.235235262809667
qqZZ,CMS_eff_e_reco_20to75,Down,15,0.022087249077993153,0.04393358703334,4.240245709720881
qqZZ,CMS_eff_e_reco_20to75,Down,16,0.04393358703334,0.10073404070562539,4.237504513273862
qqZZ,CMS_eff_e_reco_20to75,Down,17,0.10073404070562539,0.23767632438315117,4.226891131489921
qqZZ,CMS_eff_e_reco_20to75,Down,18,0.23767632438315117,0.4957539730742803,4.236250447370878
qqZZ,CMS_eff_e_reco_20to75,Down,19,0.4957539730742803,1.0,4.197071318599924
qqZZ,CMS_eff_e_reco_20to75,Up,0,0.0,0.0009567917389306952,4.274339270442726
qqZZ,CMS_eff_e_reco_20to75,Up,1,0.0009567917389306952,0.0011761846848516988,4.277230098342012
qqZZ,CMS_eff_e_reco_20to75,Up,2,0.0011761846848516988,0.0014056492364034057,4.272178207343442
qqZZ,CMS_eff_e_reco_20to75,Up,3,0.0014056492364034057,0.0016879615058736856,4.286694124048001
qqZZ,CMS_eff_e_reco_20to75,Up,4,0.0016879615058736856,0.002029518495153339,4.305107898522991
qqZZ,CMS_eff_e_reco_20to75,Up,5,0.002029518495153339,0.0024498090280613213,4.311475085419893
qqZZ,CMS_eff_e_reco_20to75,Up,6,0.0024498090280613213,0.0029563838476912704,4.32095670724247
qqZZ,CMS_eff_e_reco_20to75,Up,7,0.0029563838476912704,0.003557510286689314,4.3144497690962105
qqZZ,CMS_eff_e_reco_20to75,Up,8,0.003557510286689314,0.004267894997991053,4.320575667465775
qqZZ,CMS_eff_e_reco_20to75,Up,9,0.004267894997991053,0.0050779368864586815,4.318303156019894
qqZZ,CMS_eff_e_reco_20to75,Up,10,0.0050779368864586815,0.006105206239196243,4.298127325129272
qqZZ,CMS_eff_e_reco_20to75,Up,11,0.006105206239196243,0.007522517248260182,4.315627493273837
qqZZ,CMS_eff_e_reco_20to75,Up,12,0.007522517248260182,0.009719243336259968,4.319690534991182
qqZZ,CMS_eff_e_reco_20to75,Up,13,0.009719243336259968,0.013643487834444395,4.3177877618163905
qqZZ,CMS_eff_e_reco_20to75,Up,14,0.013643487834444395,0.022087249077993153,4.316106796806039
qqZZ,CMS_eff_e_reco_20to75,Up,15,0.022087249077993153,0.04393358703334,4.315124684974691
qqZZ,CMS_eff_e_reco_20to75,Up,16,0.04393358703334,0.10073404070562539,4.31415671816309
qqZZ,CMS_eff_e_reco_20to75,Up,17,0.10073404070562539,0.23767632438315117,4.318032586055239
qqZZ,CMS_eff_e_reco_20to75,Up,18,0.23767632438315117,0.4957539730742803,4.332405414023441
qqZZ,CMS_eff_e_reco_20to75,Up,19,0.4957539730742803,1.0,4.305081759395279
qqZZ,CMS_eff_e_reco_above75,Down,0,0.0,0.0009567917389306952,4.2724159791278025
qqZZ,CMS_eff_e_reco_above75,Down,1,0.0009567917389306952,0.0011761846848516988,4.27210034402921
qqZZ,CMS_eff_e_reco_above75,Down,2,0.0011761846848516988,0.0014056492364034057,4.262767786383648
qqZZ,CMS_eff_e_reco_above75,Down,3,0.0014056492364034057,0.0016879615058736856,4.2671085057243445
qqZZ,CMS_eff_e_reco_above75,Down,4,0.0016879615058736856,0.002029518495153339,4.281714096183251
qqZZ,CMS_eff_e_reco_above75,Down,5,0.002029518495153339,0.0024498090280613213,4.27865074754191
qqZZ,CMS_eff_e_reco_above75,Down,6,0.0024498090280613213,0.0029563838476912704,4.280028450441922
qqZZ,CMS_eff_e_reco_above75,Down,7,0.0029563838476912704,0.003557510286689314,4.269014067636302
qqZZ,CMS_eff_e_reco_above75,Down,8,0.003557510286689314,0.004267894997991053,4.272363249528908
qqZZ,CMS_eff_e_reco_above75,Down,9,0.004267894997991053,0.0050779368864586815,4.269605181039545
qqZZ,CMS_eff_e_reco_above75,Down,10,0.0050779368864586815,0.006105206239196243,4.25097390460315
qqZZ,CMS_eff_e_reco_above75,Down,11,0.006105206239196243,0.007522517248260182,4.272498806888919
qqZZ,CMS_eff_e_reco_above75,Down,12,0.007522517248260182,0.009719243336259968,4.274539838469181
qqZZ,CMS_eff_e_reco_above75,Down,13,0.009719243336259968,0.013643487834444395,4.273832916703043
qqZZ,CMS_eff_e_reco_above75,Down,14,0.013643487834444395,0.022087249077993153,4.271732100879319
qqZZ,CMS_eff_e_reco_above75,Down,15,0.022087249077993153,0.04393358703334,4.273177797959548
qqZZ,CMS_eff_e_reco_above75,Down,16,0.04393358703334,0.10073404070562539,4.27164089638336
qqZZ,CMS_eff_e_reco_above75,Down,17,0.10073404070562539,0.23767632438315117,4.268952312300726
qqZZ,CMS_eff_e_reco_above75,Down,18,0.23767632438315117,0.4957539730742803,4.2813723444789105
qqZZ,CMS_eff_e_reco_above75,Down,19,0.4957539730742803,1.0,4.2501895856454155
qqZZ,CMS_eff_e_reco_above75,Up,0,0.0,0.0009567917389306952,4.272890589014748
qqZZ,CMS_eff_e_reco_above75,Up,1,0.0009567917389306952,0.0011761846848516988,4.272860087013342
qqZZ,CMS_eff_e_reco_above75,Up,2,0.0011761846848516988,0.0014056492364034057,4.2642017092935
qqZZ,CMS_eff_e_reco_above75,Up,3,0.0014056492364034057,0.0016879615058736856,4.271388132374231
qqZZ,CMS_eff_e_reco_above75,Up,4,0.0016879615058736856,0.002029518495153339,4.286029601948599
qqZZ,CMS_eff_e_reco_above75,Up,5,0.002029518495153339,0.0024498090280613213,4.283864323824307
qqZZ,CMS_eff_e_reco_above75,Up,6,0.0024498090280613213,0.0029563838476912704,4.287548398392548
qqZZ,CMS_eff_e_reco_above75,Up,7,0.0029563838476912704,0.003557510286689314,4.2775412016498535
qqZZ,CMS_eff_e_reco_above75,Up,8,0.003557510286689314,0.004267894997991053,4.279786371261807
qqZZ,CMS_eff_e_reco_above75,Up,9,0.004267894997991053,0.0050779368864586815,4.27670622098897
qqZZ,CMS_eff_e_reco_above75,Up,10,0.0050779368864586815,0.006105206239196243,4.258405067192626
qqZZ,CMS_eff_e_reco_above75,Up,11,0.006105206239196243,0.007522517248260182,4.278532885908987
qqZZ,CMS_eff_e_reco_above75,Up,12,0.007522517248260182,0.009719243336259968,4.281345602071518
qqZZ,CMS_eff_e_reco_above75,Up,13,0.009719243336259968,0.013643487834444395,4.281172379797795
qqZZ,CMS_eff_e_reco_above75,Up,14,0.013643487834444395,0.022087249077993153,4.279016217644752
qqZZ,CMS_eff_e_reco_above75,Up,15,0.022087249077993153,0.04393358703334,4.281890881691282
qqZZ,CMS_eff_e_reco_above75,Up,16,0.04393358703334,0.10073404070562539,4.279500180684693
qqZZ,CMS_eff_e_reco_above75,Up,17,0.10073404070562539,0.23767632438315117,4.275520544060029
qqZZ,CMS_eff_e_reco_above75,Up,18,0.23767632438315117,0.4957539730742803,4.2868541758100775
qqZZ,CMS_eff_e_reco_above75,Up,19,0.4957539730742803,1.0,4.251385386029057
qqZZ,CMS_eff_e_reco_below20,Down,0,0.0,0.0009567917389306952,4.256114788388301
qqZZ,CMS_eff_e_reco_below20,Down,1,0.0009567917389306952,0.0011761846848516988,4.258001108170186
qqZZ,CMS_eff_e_reco_below20,Down,2,0.0011761846848516988,0.0014056492364034057,4.239796135157327
qqZZ,CMS_eff_e_reco_below20,Down,3,0.0014056492364034057,0.0016879615058736856,4.225854340062625
qqZZ,CMS_eff_e_reco_below20,Down,4,0.0016879615058736856,0.002029518495153339,4.231120964373218
qqZZ,CMS_eff_e_reco_below20,Down,5,0.002029518495153339,0.0024498090280613213,4.204567373764974
qqZZ,CMS_eff_e_reco_below20,Down,6,0.0024498090280613213,0.0029563838476912704,4.189321612164392
qqZZ,CMS_eff_e_reco_below20,Down,7,0.0029563838476912704,0.003557510286689314,4.144526547436769
qqZZ,CMS_eff_e_reco_below20,Down,8,0.003557510286689314,0.004267894997991053,4.115168797029156
qqZZ,CMS_eff_e_reco_below20,Down,9,0.004267894997991053,0.0050779368864586815,4.089841050792529
qqZZ,CMS_eff_e_reco_below20,Down,10,0.0050779368864586815,0.006105206239196243,4.048013875608788
qqZZ,CMS_eff_e_reco_below20,Down,11,0.006105206239196243,0.007522517248260182,4.055031795654941
qqZZ,CMS_eff_e_reco_below20,Down,12,0.007522517248260182,0.009719243336259968,4.032250836794617
qqZZ,CMS_eff_e_reco_below20,Down,13,0.009719243336259968,0.013643487834444395,4.031558489969385
qqZZ,CMS_eff_e_reco_below20,Down,14,0.013643487834444395,0.022087249077993153,4.046664220798775
qqZZ,CMS_eff_e_reco_below20,Down,15,0.022087249077993153,0.04393358703334,4.096787562092885
qqZZ,CMS_eff_e_reco_below20,Down,16,0.04393358703334,0.10073404070562539,4.115735758668549
qqZZ,CMS_eff_e_reco_below20,Down,17,0.10073404070562539,0.23767632438315117,4.109382146626487
qqZZ,CMS_eff_e_reco_below20,Down,18,0.23767632438315117,0.4957539730742803,4.115443771486767
qqZZ,CMS_eff_e_reco_below20,Down,19,0.4957539730742803,1.0,4.076339046986149
qqZZ,CMS_eff_e_reco_below20,Up,0,0.0,0.0009567917389306952,4.28921887624109
qqZZ,CMS_eff_e_reco_below20,Up,1,0.0009567917389306952,0.0011761846848516988,4.287331023446674
qqZZ,CMS_eff_e_reco_below20,Up,2,0.0011761846848516988,0.0014056492364034057,4.288140780828236
qqZZ,CMS_eff_e_reco_below20,Up,3,0.0014056492364034057,0.0016879615058736856,4.313914621916597
qqZZ,CMS_eff_e_reco_below20,Up,4,0.0016879615058736856,0.002029518495153339,4.338610936323988
qqZZ,CMS_eff_e_reco_below20,Up,5,0.002029518495153339,0.0024498090280613213,4.361121242769553
qqZZ,CMS_eff_e_reco_below20,Up,6,0.0024498090280613213,0.0029563838476912704,4.382669093054368
qqZZ,CMS_eff_e_reco_below20,Up,7,0.0029563838476912704,0.003557510286689314,4.40645532854289
qqZZ,CMS_eff_e_reco_below20,Up,8,0.003557510286689314,0.004267894997991053,4.444122457701326
qqZZ,CMS_eff_e_reco_below20,Up,9,0.004267894997991053,0.0050779368864586815,4.465406775492966
qqZZ,CMS_eff_e_reco_below20,Up,10,0.0050779368864586815,0.006105206239196243,4.473316203767823
qqZZ,CMS_eff_e_reco_below20,Up,11,0.006105206239196243,0.007522517248260182,4.508384819980662
qqZZ,CMS_eff_e_reco_below20,Up,12,0.007522517248260182,0.009719243336259968,4.5378790015080455
qqZZ,CMS_eff_e_reco_below20,Up,13,0.009719243336259968,0.013643487834444395,4.540234658205435
qqZZ,CMS_eff_e_reco_below20,Up,14,0.013643487834444395,0.022087249077993153,4.51957968450958
qqZZ,CMS_eff_e_reco_below20,Up,15,0.022087249077993153,0.04393358703334,4.471195023061426
qqZZ,CMS_eff_e_reco_below20,Up,16,0.04393358703334,0.10073404070562539,4.44636785615414
qqZZ,CMS_eff_e_reco_below20,Up,17,0.10073404070562539,0.23767632438315117,4.44395842831436
qqZZ,CMS_eff_e_reco_below20,Up,18,0.23767632438315117,0.4957539730742803,4.462707603640638
qqZZ,CMS_eff_e_reco_below20,Up,19,0.4957539730742803,1.0,4.4349952204404275
qqZZ,CMS_pileup,Down,0,0.0,0.0009567917389306952,4.2954930869817485
qqZZ,CMS_pileup,Down,1,0.0009567917389306952,0.0011761846848516988,4.305352661317119
qqZZ,CMS_pileup,Down,2,0.0011761846848516988,0.0014056492364034057,4.265237557294109
qqZZ,CMS_pileup,Down,3,0.0014056492364034057,0.0016879615058736856,4.294040514804696
qqZZ,CMS_pileup,Down,4,0.0016879615058736856,0.002029518495153339,4.295213879952136
qqZZ,CMS_pileup,Down,5,0.002029518495153339,0.0024498090280613213,4.291207111079395
qqZZ,CMS_pileup,Down,6,0.0024498090280613213,0.0029563838476912704,4.317541335245053
qqZZ,CMS_pileup,Down,7,0.0029563838476912704,0.003557510286689314,4.298981047483423
qqZZ,CMS_pileup,Down,8,0.003557510286689314,0.004267894997991053,4.307792104033943
qqZZ,CMS_pileup,Down,9,0.004267894997991053,0.0050779368864586815,4.317681537962095
qqZZ,CMS_pileup,Down,10,0.0050779368864586815,0.006105206239196243,4.292649083839727
qqZZ,CMS_pileup,Down,11,0.006105206239196243,0.007522517248260182,4.335434148156942
qqZZ,CMS_pileup,Down,12,0.007522517248260182,0.009719243336259968,4.344565784901164
qqZZ,CMS_pileup,Down,13,0.009719243336259968,0.013643487834444395,4.344782123723405
qqZZ,CMS_pileup,Down,14,0.013643487834444395,0.022087249077993153,4.310260223286278
qqZZ,CMS_pileup,Down,15,0.022087249077993153,0.04393358703334,4.302906338348151
qqZZ,CMS_pileup,Down,16,0.04393358703334,0.10073404070562539,4.310868525123425
qqZZ,CMS_pileup,Down,17,0.10073404070562539,0.23767632438315117,4.315679282372912
qqZZ,CMS_pileup,Down,18,0.23767632438315117,0.4957539730742803,4.330459808915634
qqZZ,CMS_pileup,Down,19,0.4957539730742803,1.0,4.302802808342591
qqZZ,CMS_pileup,Up,0,0.0,0.0009567917389306952,4.250325394107135
qqZZ,CMS_pileup,Up,1,0.0009567917389306952,0.0011761846848516988,4.219654986803835
qqZZ,CMS_pileup,Up,2,0.0011761846848516988,0.0014056492364034057,4.248969046098802
qqZZ,CMS_pileup,Up,3,0.0014056492364034057,0.0016879615058736856,4.236019289956772
qqZZ,CMS_pileup,Up,4,0.0016879615058736856,0.002029518495153339,4.2713582837336865
qqZZ,CMS_pileup,Up,5,0.002029518495153339,0.0024498090280613213,4.266509564539522
qqZZ,CMS_pileup,Up,6,0.0024498090280613213,0.0029563838476912704,4.231589667008688
qqZZ,CMS_pileup,Up,7,0.0029563838476912704,0.003557510286689314,4.247260000468096
qqZZ,CMS_pileup,Up,8,0.003557510286689314,0.004267894997991053,4.26511194975528
qqZZ,CMS_pileup,Up,9,0.004267894997991053,0.0050779368864586815,4.228583031093251
qqZZ,CMS_pileup,Up,10,0.0050779368864586815,0.006105206239196243,4.207692041648571
qqZZ,CMS_pileup,Up,11,0.006105206239196243,0.007522517248260182,4.201258104559841
qqZZ,CMS_pileup,Up,12,0.007522517248260182,0.009719243336259968,4.213163293303907
qqZZ,CMS_pileup,Up,13,0.009719243336259968,0.013643487834444395,4.193811468478408
qqZZ,CMS_pileup,Up,14,0.013643487834444395,0.022087249077993153,4.239957279865827
qqZZ,CMS_pileup,Up,15,0.022087249077993153,0.04393358703334,4.248454773369346
qqZZ,CMS_pileup,Up,16,0.04393358703334,0.10073404070562539,4.2238917509306475
qqZZ,CMS_pileup,Up,17,0.10073404070562539,0.23767632438315117,4.230864416862076
qqZZ,CMS_pileup,Up,18,0.23767632438315117,0.4957539730742803,4.244295077740517
qqZZ,CMS_pileup,Up,19,0.4957539730742803,1.0,4.202021474584711
qqZZ,lhe_alphaS,Down,0,0.0,0.0009567917389306952,4.2141003745137695
qqZZ,lhe_alphaS,Down,1,0.0009567917389306952,0.0011761846848516988,4.2135780850130455
qqZZ,lhe_alphaS,Down,2,0.0011761846848516988,0.0014056492364034057,4.2029241061176865
qqZZ,lhe_alphaS,Down,3,0.0014056492364034057,0.0016879615058736856,4.20872650939285
qqZZ,lhe_alphaS,Down,4,0.0016879615058736856,0.002029518495153339,4.22331100685744
qqZZ,lhe_alphaS,Down,5,0.002029518495153339,0.0024498090280613213,4.219829419418261
qqZZ,lhe_alphaS,Down,6,0.0024498090280613213,0.0029563838476912704,4.220214695810142
qqZZ,lhe_alphaS,Down,7,0.0029563838476912704,0.003557510286689314,4.210799170687473
qqZZ,lhe_alphaS,Down,8,0.003557510286689314,0.004267894997991053,4.213028679776379
qqZZ,lhe_alphaS,Down,9,0.004267894997991053,0.0050779368864586815,4.20945217965393
qqZZ,lhe_alphaS,Down,10,0.0050779368864586815,0.006105206239196243,4.192301065771794
qqZZ,lhe_alphaS,Down,11,0.006105206239196243,0.007522517248260182,4.211914971623507
qqZZ,lhe_alphaS,Down,12,0.007522517248260182,0.009719243336259968,4.2146944251471155
qqZZ,lhe_alphaS,Down,13,0.009719243336259968,0.013643487834444395,4.214213412148098
qqZZ,lhe_alphaS,Down,14,0.013643487834444395,0.022087249077993153,4.211591272957804
qqZZ,lhe_alphaS,Down,15,0.022087249077993153,0.04393358703334,4.2123983005758845
qqZZ,lhe_alphaS,Down,16,0.04393358703334,0.10073404070562539,4.21151907026254
qqZZ,lhe_alphaS,Down,17,0.10073404070562539,0.23767632438315117,4.210126979257595
qqZZ,lhe_alphaS,Down,18,0.23767632438315117,0.4957539730742803,4.219889601703684
qqZZ,lhe_alphaS,Down,19,0.4957539730742803,1.0,4.182013672466638
qqZZ,lhe_alphaS,Up,0,0.0,0.0009567917389306952,4.331206193628784
qqZZ,lhe_alphaS,Up,1,0.0009567917389306952,0.0011761846848516988,4.331381152860214
qqZZ,lhe_alphaS,Up,2,0.0011761846848516988,0.0014056492364034057,4.32404523382386
qqZZ,lhe_alphaS,Up,3,0.0014056492364034057,0.0016879615058736856,4.329766198288816
qqZZ,lhe_alphaS,Up,4,0.0016879615058736856,0.002029518495153339,4.344430412616191
qqZZ,lhe_alphaS,Up,5,0.002029518495153339,0.0024498090280613213,4.342677122003089
qqZZ,lhe_alphaS,Up,6,0.0024498090280613213,0.0029563838476912704,4.347359656106878
qqZZ,lhe_alphaS,Up,7,0.0029563838476912704,0.003557510286689314,4.335753717041992
qqZZ,lhe_alphaS,Up,8,0.003557510286689314,0.004267894997991053,4.339119275943162
qqZZ,lhe_alphaS,Up,9,0.004267894997991053,0.0050779368864586815,4.3368551197392975
qqZZ,lhe_alphaS,Up,10,0.0050779368864586815,0.006105206239196243,4.317060074639102
qqZZ,lhe_alphaS,Up,11,0.006105206239196243,0.007522517248260182,4.3390980136404735
qqZZ,lhe_alphaS,Up,12,0.007522517248260182,0.009719243336259968,4.341174249513621
qqZZ,lhe_alphaS,Up,13,0.009719243336259968,0.013643487834444395,4.340770409245891
qqZZ,lhe_alphaS,Up,14,0.013643487834444395,0.022087249077993153,4.339122065255808
qqZZ,lhe_alphaS,Up,15,0.022087249077993153,0.04393358703334,4.342638142039476
qqZZ,lhe_alphaS,Up,16,0.04393358703334,0.10073404070562539,4.339614242943867
qqZZ,lhe_alphaS,Up,17,0.10073404070562539,0.23767632438315117,4.334344394589863
qqZZ,lhe_alphaS,Up,18,0.23767632438315117,0.4957539730742803,4.348336880693836
qqZZ,lhe_alphaS,Up,19,0.4957539730742803,1.0,4.319561299207123
qqZZ,lhe_pdf,Down,0,0.0,0.0009567917389306952,4.2539456386525245
qqZZ,lhe_pdf,Down,1,0.0009567917389306952,0.0011761846848516988,4.25362591738501
qqZZ,lhe_pdf,Down,2,0.0011761846848516988,0.0014056492364034057,4.244898378674254
qqZZ,lhe_pdf,Down,3,0.0014056492364034057,0.0016879615058736856,4.25070207419539
qqZZ,lhe_pdf,Down,4,0.0016879615058736856,0.002029518495153339,4.265456425278913
qqZZ,lhe_pdf,Down,5,0.002029518495153339,0.0024498090280613213,4.262788383045283
qqZZ,lhe_pdf,Down,6,0.0024498090280613213,0.0029563838476912704,4.265153542079311
qqZZ,lhe_pdf,Down,7,0.0029563838476912704,0.003557510286689314,4.2550381957358
qqZZ,lhe_pdf,Down,8,0.003557510286689314,0.004267894997991053,4.257220091627971
qqZZ,lhe_pdf,Down,9,0.004267894997991053,0.0050779368864586815,4.254400617438058
qqZZ,lhe_pdf,Down,10,0.0050779368864586815,0.006105206239196243,4.235975175522746
qqZZ,lhe_pdf,Down,11,0.006105206239196243,0.007522517248260182,4.256972573141034
qqZZ,lhe_pdf,Down,12,0.007522517248260182,0.009719243336259968,4.259108705904012
qqZZ,lhe_pdf,Down,13,0.009719243336259968,0.013643487834444395,4.259173476380283
qqZZ,lhe_pdf,Down,14,0.013643487834444395,0.022087249077993153,4.257227893953264
qqZZ,lhe_pdf,Down,15,0.022087249077993153,0.04393358703334,4.259896274691613
qqZZ,lhe_pdf,Down,16,0.04393358703334,0.10073404070562539,4.258090536496738
qqZZ,lhe_pdf,Down,17,0.10073404070562539,0.23767632438315117,4.254545083222368
qqZZ,lhe_pdf,Down,18,0.23767632438315117,0.4957539730742803,4.266821876699069
qqZZ,lhe_pdf,Down,19,0.4957539730742803,1.0,4.233262248834933
qqZZ,lhe_pdf,Up,0,0.0,0.0009567917389306952,4.291360933766078
qqZZ,lhe_pdf,Up,1,0.0009567917389306952,0.0011761846848516988,4.29133332543934
qqZZ,lhe_pdf,Up,2,0.0011761846848516988,0.0014056492364034057,4.282070958983152
qqZZ,lhe_pdf,Up,3,0.0014056492364034057,0.0016879615058736856,4.28779063258515
qqZZ,lhe_pdf,Up,4,0.0016879615058736856,0.002029518495153339,4.302284993109627
qqZZ,lhe_pdf,Up,5,0.002029518495153339,0.0024498090280613213,4.2997181562878986
qqZZ,lhe_pdf,Up,6,0.0024498090280613213,0.0029563838476912704,4.302420810996697
qqZZ,lhe_pdf,Up,7,0.0029563838476912704,0.003557510286689314,4.2915146892613905
qqZZ,lhe_pdf,Up,8,0.003557510286689314,0.004267894997991053,4.294927863052763
qqZZ,lhe_pdf,Up,9,0.004267894997991053,0.0050779368864586815,4.291906683992103
qqZZ,lhe_pdf,Up,10,0.0050779368864586815,0.006105206239196243,4.273385966081413
qqZZ,lhe_pdf,Up,11,0.006105206239196243,0.007522517248260182,4.294040417306782
qqZZ,lhe_pdf,Up,12,0.007522517248260182,0.009719243336259968,4.2967599620662185
qqZZ,lhe_pdf,Up,13,0.009719243336259968,0.013643487834444395,4.295810344509448
qqZZ,lhe_pdf,Up,14,0.013643487834444395,0.022087249077993153,4.293485442747453
qqZZ,lhe_pdf,Up,15,0.022087249077993153,0.04393358703334,4.295140169304332
qqZZ,lhe_pdf,Up,16,0.04393358703334,0.10073404070562539,4.293042775140506
qqZZ,lhe_pdf,Up,17,0.10073404070562539,0.23767632438315117,4.289926298337576
qqZZ,lhe_pdf,Up,18,0.23767632438315117,0.4957539730742803,4.301404611933947
qqZZ,lhe_pdf,Up,19,0.4957539730742803,1.0,4.268312723291714
qqZZ,ps_fsr,Down,0,0.0,0.0009567917389306952,4.215311151311767
qqZZ,ps_fsr,Down,1,0.0009567917389306952,0.0011761846848516988,4.199752352653777
qqZZ,ps_fsr,Down,2,0.0011761846848516988,0.0014056492364034057,4.300703248401295
qqZZ,ps_fsr,Down,3,0.0014056492364034057,0.0016879615058736856,4.258332191198342
qqZZ,ps_fsr,Down,4,0.0016879615058736856,0.002029518495153339,4.193435895938308
qqZZ,ps_fsr,Down,5,0.002029518495153339,0.0024498090280613213,4.258001997689011
qqZZ,ps_fsr,Down,6,0.0024498090280613213,0.0029563838476912704,4.20840018611894
qqZZ,ps_fsr,Down,7,0.0029563838476912704,0.003557510286689314,4.173781296242588
qqZZ,ps_fsr,Down,8,0.003557510286689314,0.004267894997991053,4.1968012559959575
qqZZ,ps_fsr,Down,9,0.004267894997991053,0.0050779368864586815,4.237650527899305
qqZZ,ps_fsr,Down,10,0.0050779368864586815,0.006105206239196243,4.215984307295862
qqZZ,ps_fsr,Down,11,0.006105206239196243,0.007522517248260182,4.19015890838439
qqZZ,ps_fsr,Down,12,0.007522517248260182,0.009719243336259968,4.173650625011831
qqZZ,ps_fsr,Down,13,0.009719243336259968,0.013643487834444395,4.258698277790188
qqZZ,ps_fsr,Down,14,0.013643487834444395,0.022087249077993153,4.194423194404706
qqZZ,ps_fsr,Down,15,0.022087249077993153,0.04393358703334,4.196439467614951
qqZZ,ps_fsr,Down,16,0.04393358703334,0.10073404070562539,4.162105841700168
qqZZ,ps_fsr,Down,17,0.10073404070562539,0.23767632438315117,4.178362249022669
qqZZ,ps_fsr,Down,18,0.23767632438315117,0.4957539730742803,4.25798118510032
qqZZ,ps_fsr,Down,19,0.4957539730742803,1.0,4.185182675346482
qqZZ,ps_fsr,Up,0,0.0,0.0009567917389306952,4.2772942891568775
qqZZ,ps_fsr,Up,1,0.0009567917389306952,0.0011761846848516988,4.314272758947663
qqZZ,ps_fsr,Up,2,0.0011761846848516988,0.0014056492364034057,4.246308455676822
qqZZ,ps_fsr,Up,3,0.0014056492364034057,0.0016879615058736856,4.313913458229045
qqZZ,ps_fsr,Up,4,0.0016879615058736856,0.002029518495153339,4.316781413068085
qqZZ,ps_fsr,Up,5,0.002029518495153339,0.0024498090280613213,4.312100369810288
qqZZ,ps_fsr,Up,6,0.0024498090280613213,0.0029563838476912704,4.309583340584801
qqZZ,ps_fsr,Up,7,0.0029563838476912704,0.003557510286689314,4.299540242447655
qqZZ,ps_fsr,Up,8,0.003557510286689314,0.004267894997991053,4.317504367403487
qqZZ,ps_fsr,Up,9,0.004267894997991053,0.0050779368864586815,4.305995364544046
qqZZ,ps_fsr,Up,10,0.0050779368864586815,0.006105206239196243,4.263550812449452
qqZZ,ps_fsr,Up,11,0.006105206239196243,0.007522517248260182,4.321439830895777
qqZZ,ps_fsr,Up,12,0.007522517248260182,0.009719243336259968,4.3137784949517695
qqZZ,ps_fsr,Up,13,0.009719243336259968,0.013643487834444395,4.281932840411564
qqZZ,ps_fsr,Up,14,0.013643487834444395,0.022087249077993153,4.31006227014398
qqZZ,ps_fsr,Up,15,0.022087249077993153,0.04393358703334,4.322584975077277
qqZZ,ps_fsr,Up,16,0.04393358703334,0.10073404070562539,4.315802681590398
qqZZ,ps_fsr,Up,17,0.10073404070562539,0.23767632438315117,4.314980723902551
qqZZ,ps_fsr,Up,18,0.23767632438315117,0.4957539730742803,4.308357006489729
qqZZ,ps_fsr,Up,19,0.4957539730742803,1.0,4.289705132460796
qqZZ,ps_isr,Down,0,0.0,0.0009567917389306952,4.371328100458523
qqZZ,ps_isr,Down,1,0.0009567917389306952,0.0011761846848516988,4.288290531711731
qqZZ,ps_isr,Down,2,0.0011761846848516988,0.0014056492364034057,4.269383769076567
qqZZ,ps_isr,Down,3,0.0014056492364034057,0.0016879615058736856,4.276715634015526
qqZZ,ps_isr,Down,4,0.0016879615058736856,0.002029518495153339,4.31432475767895
qqZZ,ps_isr,Down,5,0.002029518495153339,0.0024498090280613213,4.312159556254045
qqZZ,ps_isr,Down,6,0.0024498090280613213,0.0029563838476912704,4.325409091098244
qqZZ,ps_isr,Down,7,0.0029563838476912704,0.003557510286689314,4.322352390318741
qqZZ,ps_isr,Down,8,0.003557510286689314,0.004267894997991053,4.33037176676153
qqZZ,ps_isr,Down,9,0.004267894997991053,0.0050779368864586815,4.300829268804023
qqZZ,ps_isr,Down,10,0.0050779368864586815,0.006105206239196243,4.291418021195007
qqZZ,ps_isr,Down,11,0.006105206239196243,0.007522517248260182,4.289096262684652
qqZZ,ps_isr,Down,12,0.007522517248260182,0.009719243336259968,4.293561386385903
qqZZ,ps_isr,Down,13,0.009719243336259968,0.013643487834444395,4.315994224118015
qqZZ,ps_isr,Down,14,0.013643487834444395,0.022087249077993153,4.320349947925379
qqZZ,ps_isr,Down,15,0.022087249077993153,0.04393358703334,4.321787841644365
qqZZ,ps_isr,Down,16,0.04393358703334,0.10073404070562539,4.320119757945733
qqZZ,ps_isr,Down,17,0.10073404070562539,0.23767632438315117,4.338237388846352
qqZZ,ps_isr,Down,18,0.23767632438315117,0.4957539730742803,4.318395380550342
qqZZ,ps_isr,Down,19,0.4957539730742803,1.0,4.2306750523421925
qqZZ,ps_isr,Up,0,0.0,0.0009567917389306952,4.195983886311452
qqZZ,ps_isr,Up,1,0.0009567917389306952,0.0011761846848516988,4.259234623422199
qqZZ,ps_isr,Up,2,0.0011761846848516988,0.0014056492364034057,4.2584314453818415
qqZZ,ps_isr,Up,3,0.0014056492364034057,0.0016879615058736856,4.263337303040458
qqZZ,ps_isr,Up,4,0.0016879615058736856,0.002029518495153339,4.264019013433341
qqZZ,ps_isr,Up,5,0.002029518495153339,0.0024498090280613213,4.258233808354422
qqZZ,ps_isr,Up,6,0.0024498090280613213,0.0029563838476912704,4.253809513047418
qqZZ,ps_isr,Up,7,0.0029563838476912704,0.003557510286689314,4.236481200814751
qqZZ,ps_isr,Up,8,0.003557510286689314,0.004267894997991053,4.237187551636481
qqZZ,ps_isr,Up,9,0.004267894997991053,0.0050779368864586815,4.2529036302434235
qqZZ,ps_isr,Up,10,0.0050779368864586815,0.006105206239196243,4.229552050348829
qqZZ,ps_isr,Up,11,0.006105206239196243,0.007522517248260182,4.263172110693802
qqZZ,ps_isr,Up,12,0.007522517248260182,0.009719243336259968,4.265179905569326
qqZZ,ps_isr,Up,13,0.009719243336259968,0.013643487834444395,4.2488113788283215
qqZZ,ps_isr,Up,14,0.013643487834444395,0.022087249077993153,4.240080223131812
qqZZ,ps_isr,Up,15,0.022087249077993153,0.04393358703334,4.243528364863963
qqZZ,ps_isr,Up,16,0.04393358703334,0.10073404070562539,4.239205850913905
qqZZ,ps_isr,Up,17,0.10073404070562539,0.23767632438315117,4.221918246896337
qqZZ,ps_isr,Up,18,0.23767632438315117,0.4957539730742803,4.258805059345761
qqZZ,ps_isr,Up,19,0.4957539730742803,1.0,4.268465710188295
qqZZ,scalevar_muF,Down,0,0.0,0.0009567917389306952,4.381942269183113
qqZZ,scalevar_muF,Down,1,0.0009567917389306952,0.0011761846848516988,4.378434717135826
qqZZ,scalevar_muF,Down,2,0.0011761846848516988,0.0014056492364034057,4.375118688013174
qqZZ,scalevar_muF,Down,3,0.0014056492364034057,0.0016879615058736856,4.389710806806853
qqZZ,scalevar_muF,Down,4,0.0016879615058736856,0.002029518495153339,4.403326660774553
qqZZ,scalevar_muF,Down,5,0.002029518495153339,0.0024498090280613213,4.390483392537611
qqZZ,scalevar_muF,Down,6,0.0024498090280613213,0.0029563838476912704,4.397423622620554
qqZZ,scalevar_muF,Down,7,0.0029563838476912704,0.003557510286689314,4.383565328166117
qqZZ,scalevar_muF,Down,8,0.003557510286689314,0.004267894997991053,4.382726879533124
qqZZ,scalevar_muF,Down,9,0.004267894997991053,0.0050779368864586815,4.392221144061359
qqZZ,scalevar_muF,Down,10,0.0050779368864586815,0.006105206239196243,4.36334848616648
qqZZ,scalevar_muF,Down,11,0.006105206239196243,0.007522517248260182,4.3969291313457575
qqZZ,scalevar_muF,Down,12,0.007522517248260182,0.009719243336259968,4.3981199536605615
qqZZ,scalevar_muF,Down,13,0.009719243336259968,0.013643487834444395,4.404074969439158
qqZZ,scalevar_muF,Down,14,0.013643487834444395,0.022087249077993153,4.398901418164343
qqZZ,scalevar_muF,Down,15,0.022087249077993153,0.04393358703334,4.396621408141854
qqZZ,scalevar_muF,Down,16,0.04393358703334,0.10073404070562539,4.386909005683663
qqZZ,scalevar_muF,Down,17,0.10073404070562539,0.23767632438315117,4.352837865932074
qqZZ,scalevar_muF,Down,18,0.23767632438315117,0.4957539730742803,4.4039402669527306
qqZZ,scalevar_muF,Down,19,0.4957539730742803,1.0,4.348351392022224
qqZZ,scalevar_muF,Up,0,0.0,0.0009567917389306952,4.092615478079308
qqZZ,scalevar_muF,Up,1,0.0009567917389306952,0.0011761846848516988,4.097183828748326
qqZZ,scalevar_muF,Up,2,0.0011761846848516988,0.0014056492364034057,4.080213336032585
qqZZ,scalevar_muF,Up,3,0.0014056492364034057,0.0016879615058736856,4.081498032514276
qqZZ,scalevar_muF,Up,4,0.0016879615058736856,0.002029518495153339,4.097307668436958
qqZZ,scalevar_muF,Up,5,0.002029518495153339,0.0024498090280613213,4.106277742203382
qqZZ,scalevar_muF,Up,6,0.0024498090280613213,0.0029563838476912704,4.107370100498592
qqZZ,scalevar_muF,Up,7,0.0029563838476912704,0.003557510286689314,4.100797145842407
qqZZ,scalevar_muF,Up,8,0.003557510286689314,0.004267894997991053,4.104535230270294
qqZZ,scalevar_muF,Up,9,0.004267894997991053,0.0050779368864586815,4.0882580132751585
qqZZ,scalevar_muF,Up,10,0.0050779368864586815,0.006105206239196243,4.077565786446925
qqZZ,scalevar_muF,Up,11,0.006105206239196243,0.007522517248260182,4.0851602309708
qqZZ,scalevar_muF,Up,12,0.007522517248260182,0.009719243336259968,4.089465797831664
qqZZ,scalevar_muF,Up,13,0.009719243336259968,0.013643487834444395,4.082063476538288
qqZZ,scalevar_muF,Up,14,0.013643487834444395,0.022087249077993153,4.086533374717256
qqZZ,scalevar_muF,Up,15,0.022087249077993153,0.04393358703334,4.096030538092776
qqZZ,scalevar_muF,Up,16,0.04393358703334,0.10073404070562539,4.106477390186896
qqZZ,scalevar_muF,Up,17,0.10073404070562539,0.23767632438315117,4.134126677491722
qqZZ,scalevar_muF,Up,18,0.23767632438315117,0.4957539730742803,4.112848669658845
qqZZ,scalevar_muF,Up,19,0.4957539730742803,1.0,4.098492177410094
qqZZ,scalevar_muR,Down,0,0.0,0.0009567917389306952,4.193162027292698
qqZZ,scalevar_muR,Down,1,0.0009567917389306952,0.0011761846848516988,4.217386390591378
qqZZ,scalevar_muR,Down,2,0.0011761846848516988,0.0014056492364034057,4.205927598044317
qqZZ,scalevar_muR,Down,3,0.0014056492364034057,0.0016879615058736856,4.208735887943261
qqZZ,scalevar_muR,Down,4,0.0016879615058736856,0.002029518495153339,4.222030787211921
qqZZ,scalevar_muR,Down,5,0.002029518495153339,0.0024498090280613213,4.224245766861074
qqZZ,scalevar_muR,Down,6,0.0024498090280613213,0.0029563838476912704,4.223459638528837
qqZZ,scalevar_muR,Down,7,0.0029563838476912704,0.003557510286689314,4.212081025536399
qqZZ,scalevar_muR,Down,8,0.003557510286689314,0.004267894997991053,4.216860914357262
qqZZ,scalevar_muR,Down,9,0.004267894997991053,0.0050779368864586815,4.211908463011518
qqZZ,scalevar_muR,Down,10,0.0050779368864586815,0.006105206239196243,4.196110372333166
qqZZ,scalevar_muR,Down,11,0.006105206239196243,0.007522517248260182,4.214087636228314
qqZZ,scalevar_muR,Down,12,0.007522517248260182,0.009719243336259968,4.2182918368608995
qqZZ,scalevar_muR,Down,13,0.009719243336259968,0.013643487834444395,4.215807679167661
qqZZ,scalevar_muR,Down,14,0.013643487834444395,0.022087249077993153,4.213540028315002
qqZZ,scalevar_muR,Down,15,0.022087249077993153,0.04393358703334,4.216445825099456
qqZZ,scalevar_muR,Down,16,0.04393358703334,0.10073404070562539,4.218769264012124
qqZZ,scalevar_muR,Down,17,0.10073404070562539,0.23767632438315117,4.232799657324918
qqZZ,scalevar_muR,Down,18,0.23767632438315117,0.4957539730742803,4.227058653939821
qqZZ,scalevar_muR,Down,19,0.4957539730742803,1.0,4.208796099845074
qqZZ,scalevar_muR,Up,0,0.0,0.0009567917389306952,4.342639535456479
qqZZ,scalevar_muR,Up,1,0.0009567917389306952,0.0011761846848516988,4.341373557985806
qqZZ,scalevar_muR,Up,2,0.0011761846848516988,0.0014056492364034057,4.3321006101495225
qqZZ,scalevar_muR,Up,3,0.0014056492364034057,0.0016879615058736856,4.345192045635711
qqZZ,scalevar_muR,Up,4,0.0016879615058736856,0.002029518495153339,4.360531545618738
qqZZ,scalevar_muR,Up,5,0.002029518495153339,0.0024498090280613213,4.35192353122817
qqZZ,scalevar_muR,Up,6,0.0024498090280613213,0.0029563838476912704,4.358644275432194
qqZZ,scalevar_muR,Up,7,0.0029563838476912704,0.003557510286689314,4.349455413991425
qqZZ,scalevar_muR,Up,8,0.003557510286689314,0.004267894997991053,4.349101702355263
qqZZ,scalevar_muR,Up,9,0.004267894997991053,0.0050779368864586815,4.349314292974412
qqZZ,scalevar_muR,Up,10,0.0050779368864586815,0.006105206239196243,4.327293407132629
qqZZ,scalevar_muR,Up,11,0.006105206239196243,0.007522517248260182,4.351634305432462
qqZZ,scalevar_muR,Up,12,0.007522517248260182,0.009719243336259968,4.351708485017305
qqZZ,scalevar_muR,Up,13,0.009719243336259968,0.013643487834444395,4.3527789288743435
qqZZ,scalevar_muR,Up,14,0.013643487834444395,0.022087249077993153,4.3508357132807305
qqZZ,scalevar_muR,Up,15,0.022087249077993153,0.04393358703334,4.353402617903541
qqZZ,scalevar_muR,Up,16,0.04393358703334,0.10073404070562539,4.346516760653557
qqZZ,scalevar_muR,Up,17,0.10073404070562539,0.23767632438315117,4.3226295164909345
qqZZ,scalevar_muR,Up,18,0.23767632438315117,0.4957539730742803,4.354003822905625
qqZZ,scalevar_muR,Up,19,0.4957539730742803,1.0,4.302699232415435
